trip_id,driver_id,rider_id,city,pickup_lat,pickup_lng,drop_lat,drop_lng,distance_km,fare_amount,status,payment_method,pickup_time,drop_time,total ride time
1,8270,10683,San Francisco,37.17093115042939,-77.58647936979322,37.1736523397383,-77.61993433646886,2.97,10.71,Completed,Wallet,2023-01-01 00:00:00,2023-01-01 00:08:54, 00:08:54
2,1860,44743,Boston,38.89812691856606,-108.58297695484846,38.93746379536704,-108.55872717079912,8.43,22.41,Completed,UPI,2023-01-01 00:01:00,2023-01-01 00:26:17, 00:25:17
3,6390,75839,San Francisco,38.81457056869823,-89.94260270822319,38.82170236125605,-89.8964345566054,5.46,12.91,Completed,Cash,2023-01-01 00:02:00,2023-01-01 00:18:22, 00:16:22
4,6191,22189,New York,37.29590568598714,-75.32884414927358,37.30137520518609,-75.31748783882725,6.61,15.7,Completed,Wallet,2023-01-01 00:03:00,2023-01-01 00:22:49, 00:19:49
5,6734,61104,Seattle,38.97239533578873,-121.482912862048,38.99208841336341,-121.46790441380276,10.5,19.15,Completed,Wallet,2023-01-01 00:04:00,2023-01-01 00:35:30, 00:31:30
6,7265,84988,San Francisco,37.600550944815616,-106.71906865688572,37.55691580938672,-106.73095912437086,9.94,19.95,Completed,Card,2023-01-01 00:05:00,2023-01-01 00:34:49, 00:29:49
7,1466,82933,San Francisco,40.28855964243779,-82.8082193858109,40.27883011229549,-82.84463502060092,12.22,25.89,Completed,UPI,2023-01-01 00:06:00,2023-01-01 00:42:39, 00:36:39
8,5426,60182,Chicago,40.601188277022246,-78.39873323235332,40.569810860072174,-78.36818593976587,10.14,25.55,Completed,Cash,2023-01-01 00:07:00,2023-01-01 00:37:25, 00:30:25
9,6578,15826,San Francisco,40.29624711069893,-87.57651655291244,40.284637585308246,-87.56478285126917,1.88,7.97,Completed,Cash,2023-01-01 00:08:00,2023-01-01 00:13:38, 00:05:38
10,9322,63503,Boston,40.71263418106593,-78.49965570372784,40.67026654819631,-78.477475359972,3.7,12.21,No-Show,UPI,2023-01-01 00:09:00,2023-01-01 00:20:06, 00:11:06
11,2685,19386,Los Angeles,39.589159042548175,-119.3519437587201,39.58070702508536,-119.33923267120856,7.5,13.99,Completed,Cash,2023-01-01 00:10:00,2023-01-01 00:32:30, 00:22:30
12,1769,54319,Boston,40.37432862818872,-107.8435632936991,40.377110110424994,-107.87886828411702,5.64,11.38,Completed,Card,2023-01-01 00:11:00,2023-01-01 00:27:55, 00:16:55
13,7949,83961,Boston,38.99690304998711,-111.38773010283748,39.01451831776753,-111.43003134579097,1.6,4.93,Completed,UPI,2023-01-01 00:12:00,2023-01-01 00:16:48, 00:04:48
14,3433,21112,Los Angeles,40.16073889938309,-104.14123780996758,40.151155465161054,-104.14166114061577,7.13,15.22,Completed,Cash,2023-01-01 00:13:00,2023-01-01 00:34:23, 00:21:23
15,6311,44486,San Francisco,40.78622125928146,-101.21185168532936,40.83300317980395,-101.21260494422496,1.74,4.88,Completed,Cash,2023-01-01 00:14:00,2023-01-01 00:19:13, 00:05:13
16,6051,76028,Los Angeles,38.52272693011106,-111.36103360098964,38.52474335933591,-111.31870307512295,5.94,14.07,Completed,Cash,2023-01-01 00:15:00,2023-01-01 00:32:49, 00:17:49
17,7420,87010,Los Angeles,40.33664375306437,-76.61809183418887,40.312070015384855,-76.6307148440865,9.4,24.1,No-Show,UPI,2023-01-01 00:16:00,2023-01-01 00:44:12, 00:28:12
18,2184,83565,Boston,38.89645074496169,-115.98429669307588,38.860638691663794,-116.0285248076544,7.19,19.78,Completed,Card,2023-01-01 00:17:00,2023-01-01 00:38:34, 00:21:34
19,5555,66686,Seattle,39.45112706817463,-84.04660046987165,39.444792962646986,-84.02128964822164,4.49,13.35,Completed,UPI,2023-01-01 00:18:00,2023-01-01 00:31:28, 00:13:28
20,4385,55284,Boston,40.531085445062544,-78.32868286287555,40.51050442773467,-78.29286883305338,5.22,13.43,Completed,Wallet,2023-01-01 00:19:00,2023-01-01 00:34:39, 00:15:39
21,7396,15886,Seattle,40.52355784818817,-102.21212425883596,40.54442233586987,-102.19987992272834,13.13,30.11,Completed,UPI,2023-01-01 00:20:00,2023-01-01 00:59:23, 00:39:23
22,9666,24412,Chicago,39.96864221343976,-96.19687303314625,39.98973700768252,-96.22762517427914,6.43,16.21,Completed,Cash,2023-01-01 00:21:00,2023-01-01 00:40:17, 00:19:17
23,3558,83992,New York,38.25005300500109,-77.6871899214083,38.22069674335474,-77.6596028833707,8.1,15.18,Completed,UPI,2023-01-01 00:22:00,2023-01-01 00:46:18, 00:24:18
24,8849,70919,San Francisco,37.34621646231124,-114.62424029927452,37.365917846489936,-114.62920024705488,6.27,13.78,Completed,Card,2023-01-01 00:23:00,2023-01-01 00:41:48, 00:18:48
25,3047,39415,Los Angeles,40.94707823219268,-115.74711693990932,40.93656334309317,-115.7058635083655,5.3,12.22,Completed,Wallet,2023-01-01 00:24:00,2023-01-01 00:39:54, 00:15:54
26,3747,28056,Boston,39.2739499367063,-119.59194774959045,39.23030811926833,-119.57738345391002,9.34,17.28,Completed,Wallet,2023-01-01 00:25:00,2023-01-01 00:53:01, 00:28:01
27,1189,95567,Seattle,37.4424099037103,-79.67258600865028,37.39341935087313,-79.64515757541541,6.77,16.78,Completed,UPI,2023-01-01 00:26:00,2023-01-01 00:46:18, 00:20:18
28,3734,32772,Boston,40.83762789318843,-110.32873667346888,40.85090555281359,-110.31507329322991,5.45,15.63,Completed,UPI,2023-01-01 00:27:00,2023-01-01 00:43:21, 00:16:21
29,4005,51388,San Francisco,38.82906650911731,-98.13299637953024,38.83020842926837,-98.09611634625176,9.32,20.11,Cancelled,Card,2023-01-01 00:28:00,2023-01-01 00:55:57, 00:27:57
30,5658,62314,Chicago,40.8490780972331,-107.9889383434135,40.8164827249562,-107.97516579543772,7.76,14.05,Completed,UPI,2023-01-01 00:29:00,2023-01-01 00:52:16, 00:23:16
31,2899,90316,Boston,38.46072054752384,-73.71883757620657,38.45139469805299,-73.67670463680133,1.5,8.16,Completed,Cash,2023-01-01 00:30:00,2023-01-01 00:34:30, 00:04:30
32,8734,84181,Los Angeles,40.63739006313718,-81.8366048440115,40.63314581246526,-81.81786827469747,6.23,13.16,Completed,UPI,2023-01-01 00:31:00,2023-01-01 00:49:41, 00:18:41
33,2267,34924,San Francisco,40.41336999449806,-89.12880927453372,40.4622095600837,-89.10010782049406,4.94,12.42,Completed,Wallet,2023-01-01 00:32:00,2023-01-01 00:46:49, 00:14:49
34,2528,58221,Los Angeles,38.88503291729904,-77.58797340866188,38.87896130140925,-77.5550509042941,7.47,17.27,Completed,Cash,2023-01-01 00:33:00,2023-01-01 00:55:24, 00:22:24
35,4556,51381,New York,38.24936856192276,-109.81798204078594,38.24429727270579,-109.76879597805846,5.9,9.32,Completed,Cash,2023-01-01 00:34:00,2023-01-01 00:51:42, 00:17:42
36,4890,55741,Boston,39.96194409894871,-108.02754782741891,39.98286351009668,-108.0637948679277,15.66,28.08,Completed,Card,2023-01-01 00:35:00,2023-01-01 01:21:58, 00:46:58
37,9838,91019,Seattle,40.40166521099008,-82.83943773492271,40.3721336964872,-82.87161170423475,11.02,25.88,Completed,Card,2023-01-01 00:36:00,2023-01-01 01:09:03, 00:33:03
38,6393,26965,San Francisco,37.17069044138431,-110.5862290742966,37.12391605617657,-110.59179903266345,3.69,8.58,Completed,Cash,2023-01-01 00:37:00,2023-01-01 00:48:04, 00:11:04
39,9792,45430,Boston,37.89935782638292,-91.62124509037606,37.923252878042085,-91.61590534232164,9.22,22.43,Completed,Cash,2023-01-01 00:38:00,2023-01-01 01:05:39, 00:27:39
40,9433,97272,New York,38.7195922395447,-86.77867434764758,38.70107756016292,-86.73755405357343,11.6,25.12,Completed,Card,2023-01-01 00:39:00,2023-01-01 01:13:48, 00:34:48
41,8513,41807,San Francisco,37.83150300239416,-103.87627155043025,37.876095029311294,-103.880322285064,8.09,21.92,Completed,Card,2023-01-01 00:40:00,2023-01-01 01:04:16, 00:24:16
42,3612,25966,Los Angeles,38.08523016829165,-87.06926711145331,38.06207462481823,-87.11348630920081,9.07,21.72,Completed,Wallet,2023-01-01 00:41:00,2023-01-01 01:08:12, 00:27:12
43,8041,14258,Los Angeles,39.05903088721296,-118.9566781482404,39.03797431345867,-118.9662135665612,10.21,16.31,Completed,Card,2023-01-01 00:42:00,2023-01-01 01:12:37, 00:30:37
44,7235,16923,New York,38.53161244253719,-102.0476443442655,38.57340759408085,-102.05160143011824,12.02,27.82,Completed,Wallet,2023-01-01 00:43:00,2023-01-01 01:19:03, 00:36:03
45,6486,35605,Boston,40.73782744845055,-85.37707291044143,40.7490469311683,-85.33048091702199,12.4,24.29,Cancelled,Cash,2023-01-01 00:44:00,2023-01-01 01:21:12, 00:37:12
46,8099,44092,San Francisco,40.3674404955061,-95.98780133690786,40.361579051919605,-96.00136870312603,1.99,5.48,No-Show,Wallet,2023-01-01 00:45:00,2023-01-01 00:50:58, 00:05:58
47,1775,42868,Los Angeles,37.8328672978881,-87.38825549592006,37.784569358502246,-87.3615288029702,4.49,12.8,Completed,Wallet,2023-01-01 00:46:00,2023-01-01 00:59:28, 00:13:28
48,9226,26799,Los Angeles,40.79287124502156,-94.8000107928104,40.79278383940079,-94.78116261637874,6.86,19.92,No-Show,UPI,2023-01-01 00:47:00,2023-01-01 01:07:34, 00:20:34
49,4152,96979,Boston,37.86779584128591,-104.8947661762159,37.82499439687062,-104.90770574865584,4.62,10.52,Completed,Cash,2023-01-01 00:48:00,2023-01-01 01:01:51, 00:13:51
50,2585,85111,New York,39.386137967350514,-108.38239884716664,39.41685384955436,-108.36959171329876,12.27,24.77,Cancelled,UPI,2023-01-01 00:49:00,2023-01-01 01:25:48, 00:36:48
51,4943,56210,New York,38.22757154340824,-98.8587196396717,38.27170267751815,-98.86929232492352,9.45,15.87,Completed,Card,2023-01-01 00:50:00,2023-01-01 01:18:21, 00:28:21
52,8555,25230,New York,38.13881597699306,-108.34930152039864,38.100162915565534,-108.32522425135528,7.43,20.51,Completed,Wallet,2023-01-01 00:51:00,2023-01-01 01:13:17, 00:22:17
53,4073,28130,Los Angeles,39.16120326264837,-99.05396616300678,39.17247136826092,-99.02489739300242,8.35,23.61,Completed,UPI,2023-01-01 00:52:00,2023-01-01 01:17:03, 00:25:03
54,2021,30875,Los Angeles,40.787632533494445,-103.77390219216964,40.83256685077093,-103.76127370199872,3.98,10.12,Completed,Cash,2023-01-01 00:53:00,2023-01-01 01:04:56, 00:11:56
55,4843,72908,Los Angeles,38.67557371075546,-114.06588112729598,38.699205754524606,-114.02623127491334,10.94,28.99,Completed,Card,2023-01-01 00:54:00,2023-01-01 01:26:49, 00:32:49
56,8989,90163,Seattle,38.12535094448755,-87.3795433390487,38.11441894110635,-87.40172313951769,8.24,19.03,Completed,UPI,2023-01-01 00:55:00,2023-01-01 01:19:43, 00:24:43
57,7873,34041,Seattle,38.00121635350783,-112.10855743212142,38.042950681432266,-112.1216547748471,6.74,15.99,Completed,Wallet,2023-01-01 00:56:00,2023-01-01 01:16:13, 00:20:13
58,6675,14443,Los Angeles,38.236320965845486,-73.6260429249372,38.237490651797415,-73.59338628805943,10.95,16.44,Completed,UPI,2023-01-01 00:57:00,2023-01-01 01:29:51, 00:32:51
59,1161,19480,Los Angeles,38.77862959905039,-76.39450098586468,38.76211271014069,-76.43854835814948,7.75,17.34,Completed,Cash,2023-01-01 00:58:00,2023-01-01 01:21:15, 00:23:15
60,5297,64012,Los Angeles,40.4925563404302,-74.36136261684472,40.45923530350589,-74.36454704139146,9.34,27.04,Cancelled,Wallet,2023-01-01 00:59:00,2023-01-01 01:27:01, 00:28:01
61,1995,71483,Chicago,38.25908329527197,-93.4971337168045,38.21846333575303,-93.50179371260415,0.37,5.22,Completed,Wallet,2023-01-01 01:00:00,2023-01-01 01:01:06, 00:01:06
62,8629,14170,Seattle,38.0896766161392,-116.38513114169048,38.10200468119588,-116.37717026987843,4.4,8.95,Completed,Card,2023-01-01 01:01:00,2023-01-01 01:14:12, 00:13:12
63,2016,98129,San Francisco,39.29682234893325,-74.35211840149758,39.25434058531888,-74.36027940268352,3.5,10.02,No-Show,Cash,2023-01-01 01:02:00,2023-01-01 01:12:30, 00:10:30
64,8869,42805,New York,39.364687257381085,-112.82704012847584,39.357501262314905,-112.8438283733138,3.52,10.76,Completed,Cash,2023-01-01 01:03:00,2023-01-01 01:13:33, 00:10:33
65,7439,51725,San Francisco,38.782644215214674,-89.53814434665088,38.797919263541445,-89.5124957677374,7.03,18.65,No-Show,Card,2023-01-01 01:04:00,2023-01-01 01:25:05, 00:21:05
66,8892,54837,Seattle,37.76242315369175,-121.7853995199472,37.75228028974992,-121.80566390269304,12.71,31.17,Completed,Card,2023-01-01 01:05:00,2023-01-01 01:43:07, 00:38:07
67,7863,53424,Boston,37.76436628297408,-82.28732719654677,37.80250319651551,-82.29599046902851,4.17,12.04,Cancelled,UPI,2023-01-01 01:06:00,2023-01-01 01:18:30, 00:12:30
68,8916,14806,New York,39.08074054860475,-96.17412380061904,39.106736367314525,-96.19538668570873,9.15,14.33,Completed,Wallet,2023-01-01 01:07:00,2023-01-01 01:34:27, 00:27:27
69,9529,47611,Seattle,38.13959576268044,-108.73812843926292,38.162148734802,-108.73039016934774,12.07,18.71,Completed,Cash,2023-01-01 01:08:00,2023-01-01 01:44:12, 00:36:12
70,1878,26662,New York,37.612155594152426,-116.2410777175782,37.57610821725664,-116.2345704654327,13.15,20.62,Cancelled,Wallet,2023-01-01 01:09:00,2023-01-01 01:48:27, 00:39:27
71,5887,59605,Los Angeles,37.10570358627135,-84.41901364234052,37.14980130843726,-84.42303398413137,5.18,11.08,Completed,Wallet,2023-01-01 01:10:00,2023-01-01 01:25:32, 00:15:32
72,5859,96623,Los Angeles,37.537149200492806,-120.43933514716257,37.495533122999575,-120.41703273921866,11.33,28.91,Completed,Cash,2023-01-01 01:11:00,2023-01-01 01:44:59, 00:33:59
73,7331,56128,Boston,40.32462468961208,-89.80395359469333,40.325552451674376,-89.8330408439046,10.69,29.77,No-Show,Cash,2023-01-01 01:12:00,2023-01-01 01:44:04, 00:32:04
74,9571,30848,San Francisco,37.62331915006204,-76.49347813721766,37.599088561019705,-76.51832056754942,10.31,14.94,Completed,Wallet,2023-01-01 01:13:00,2023-01-01 01:43:55, 00:30:55
75,9684,59452,San Francisco,37.01083243668278,-100.19835698309798,37.01647466548849,-100.17083614362204,1.99,5.31,Cancelled,UPI,2023-01-01 01:14:00,2023-01-01 01:19:58, 00:05:58
76,8208,16042,San Francisco,38.56544618404243,-111.1760278727075,38.52865396091681,-111.12617445707654,6.04,9.51,Cancelled,UPI,2023-01-01 01:15:00,2023-01-01 01:33:07, 00:18:07
77,6276,80602,Boston,40.71262546286041,-118.90920922421694,40.74047898480135,-118.91965354796072,8.19,23.71,Completed,Cash,2023-01-01 01:16:00,2023-01-01 01:40:34, 00:24:34
78,3062,76864,Chicago,39.086098835055736,-109.21021329237789,39.11231856485674,-109.16025851835415,10.2,15.66,Cancelled,Card,2023-01-01 01:17:00,2023-01-01 01:47:36, 00:30:36
79,1064,81929,San Francisco,37.041144987899,-96.1221022208294,37.01046137522663,-96.09178040872928,7.66,17.76,Cancelled,Cash,2023-01-01 01:18:00,2023-01-01 01:40:58, 00:22:58
80,9006,69323,New York,39.83709507230274,-78.30242448363109,39.83811751927752,-78.31378650315307,8.41,16.51,Completed,Card,2023-01-01 01:19:00,2023-01-01 01:44:13, 00:25:13
81,3568,89297,New York,38.602779524747454,-87.75601187758768,38.59870961254024,-87.77208153626539,8.77,22.24,Completed,Card,2023-01-01 01:20:00,2023-01-01 01:46:18, 00:26:18
82,6463,24182,Los Angeles,40.07498001104253,-87.19115982900482,40.0435801229324,-87.2241590330099,5.18,10.83,Completed,Card,2023-01-01 01:21:00,2023-01-01 01:36:32, 00:15:32
83,3027,24394,Seattle,39.3873802084272,-99.28709475948143,39.42009455529286,-99.26292122185966,4.6,8.52,Cancelled,UPI,2023-01-01 01:22:00,2023-01-01 01:35:48, 00:13:48
84,3695,66540,Los Angeles,37.55786070347717,-78.25094149753781,37.58839881266751,-78.25979698307611,9.18,21.84,Cancelled,UPI,2023-01-01 01:23:00,2023-01-01 01:50:32, 00:27:32
85,6258,23883,San Francisco,38.88753151395463,-79.64735847042812,38.93584579298529,-79.66895836175006,4.37,10.57,No-Show,Wallet,2023-01-01 01:24:00,2023-01-01 01:37:06, 00:13:06
86,6618,27941,San Francisco,39.22088540661338,-109.78583378107432,39.172639599782656,-109.742714077547,1.82,7.01,Completed,Wallet,2023-01-01 01:25:00,2023-01-01 01:30:27, 00:05:27
87,7736,32360,Los Angeles,39.00165534930088,-96.96419372715482,38.96797885927067,-97.01125187206924,7.29,18.83,Cancelled,Wallet,2023-01-01 01:26:00,2023-01-01 01:47:52, 00:21:52
88,1391,66681,Seattle,40.15058248827247,-112.70450280008718,40.145818246204094,-112.68748943312872,6.97,19.52,Completed,Card,2023-01-01 01:27:00,2023-01-01 01:47:54, 00:20:54
89,6892,74048,New York,40.39847125431545,-99.22765889905496,40.349426224845566,-99.27049274979149,2.96,4.97,Completed,UPI,2023-01-01 01:28:00,2023-01-01 01:36:52, 00:08:52
90,4561,66271,Seattle,39.66655337985083,-77.30825046296927,39.64375951693588,-77.33222471212976,10.48,25.39,Completed,Wallet,2023-01-01 01:29:00,2023-01-01 02:00:26, 00:31:26
91,7184,18720,Boston,37.14930135579775,-88.82434249224613,37.14763940897191,-88.80997982925801,4.27,13.48,Completed,Card,2023-01-01 01:30:00,2023-01-01 01:42:48, 00:12:48
92,4099,84225,Boston,38.409911123975945,-116.9388070178398,38.40893865562498,-116.97337928561132,4.29,12.96,Completed,Wallet,2023-01-01 01:31:00,2023-01-01 01:43:52, 00:12:52
93,7278,49550,Boston,38.4754311863332,-87.44245268759077,38.44070791399833,-87.41883749760741,1.76,6.65,Completed,Card,2023-01-01 01:32:00,2023-01-01 01:37:16, 00:05:16
94,9392,82682,San Francisco,37.88993499496024,-78.9889535441855,37.90961383525619,-78.95686418929878,6.13,11.34,Completed,Wallet,2023-01-01 01:33:00,2023-01-01 01:51:23, 00:18:23
95,4104,17914,Boston,38.710518693861104,-89.24086737191337,38.73561919813787,-89.21593160742073,7.32,19.38,Cancelled,UPI,2023-01-01 01:34:00,2023-01-01 01:55:57, 00:21:57
96,8215,72953,Chicago,37.750855194230574,-120.28403880493812,37.70785664666008,-120.23554198925854,7.91,18.68,Completed,Card,2023-01-01 01:35:00,2023-01-01 01:58:43, 00:23:43
97,3454,94765,Seattle,40.02231144810153,-120.83761450270038,39.996215407568,-120.86224991412492,6.8,15.13,Completed,Cash,2023-01-01 01:36:00,2023-01-01 01:56:24, 00:20:24
98,9996,61277,San Francisco,40.33768481416208,-121.59454925780264,40.33791485741289,-121.6094772458858,2.15,9.22,Cancelled,Wallet,2023-01-01 01:37:00,2023-01-01 01:43:27, 00:06:27
99,3731,82877,Seattle,40.73755917666149,-83.30682057271557,40.73152174594125,-83.27268818696301,4.98,13.58,No-Show,Wallet,2023-01-01 01:38:00,2023-01-01 01:52:56, 00:14:56
100,9154,75129,Chicago,37.05649445937717,-85.72414860650684,37.040501105818464,-85.70426168707729,5.59,14.51,Completed,Card,2023-01-01 01:39:00,2023-01-01 01:55:46, 00:16:46
101,6056,25391,San Francisco,39.155185318448495,-113.77511115202508,39.12149516801647,-113.76697194374444,13.45,28.31,Completed,Card,2023-01-01 01:40:00,2023-01-01 02:20:21, 00:40:21
102,9110,39285,San Francisco,37.83636829255397,-83.48299801512835,37.824019019338685,-83.46930111580048,5.92,15.82,Completed,UPI,2023-01-01 01:41:00,2023-01-01 01:58:45, 00:17:45
103,4840,46106,Boston,39.12310929326256,-112.46704480639514,39.152964729028746,-112.4811903781466,9.45,15.35,Completed,Cash,2023-01-01 01:42:00,2023-01-01 02:10:21, 00:28:21
104,2028,67588,San Francisco,37.28311668159227,-77.26790086541381,37.294851355561946,-77.27536350513098,7.89,11.77,Completed,UPI,2023-01-01 01:43:00,2023-01-01 02:06:40, 00:23:40
105,8385,76405,Chicago,40.061076796627006,-103.25200263597908,40.02345838656496,-103.25120201816696,6.88,11.48,Completed,Cash,2023-01-01 01:44:00,2023-01-01 02:04:38, 00:20:38
106,1502,82320,Seattle,38.179580265159046,-121.53736822641154,38.18317854956317,-121.58405176217094,9.84,24.36,Completed,Wallet,2023-01-01 01:45:00,2023-01-01 02:14:31, 00:29:31
107,7910,96029,New York,39.26671285823501,-74.00401292438681,39.21912615033766,-73.9940275758111,5.81,9.97,Completed,UPI,2023-01-01 01:46:00,2023-01-01 02:03:25, 00:17:25
108,7938,17042,Chicago,40.18624447728463,-73.34571196697961,40.16524989250879,-73.39512233569569,10.83,29.34,Completed,Wallet,2023-01-01 01:47:00,2023-01-01 02:19:29, 00:32:29
109,5488,76221,Los Angeles,38.73659545702325,-73.40537402592227,38.70958708706795,-73.41292745045314,6.37,14.54,Completed,Card,2023-01-01 01:48:00,2023-01-01 02:07:06, 00:19:06
110,1206,91293,Seattle,40.97138116149072,-117.42467676476856,40.96790504564218,-117.4648251611336,8.47,20.19,Completed,Card,2023-01-01 01:49:00,2023-01-01 02:14:24, 00:25:24
111,6134,61126,San Francisco,40.22075320961504,-118.60849673149002,40.22658925937698,-118.56898197895532,3.8,10.07,Completed,UPI,2023-01-01 01:50:00,2023-01-01 02:01:24, 00:11:24
112,6977,66746,Chicago,38.69455212885091,-99.901247891111,38.70290066348928,-99.93373068596502,8.59,21.83,Completed,Wallet,2023-01-01 01:51:00,2023-01-01 02:16:46, 00:25:46
113,8721,85112,Boston,39.81844161496289,-108.09102040179688,39.78893320559221,-108.0838756768396,7.22,14.27,Completed,Wallet,2023-01-01 01:52:00,2023-01-01 02:13:39, 00:21:39
114,8035,96058,Los Angeles,39.67861363289375,-96.26304850802131,39.690333942356034,-96.22161711918233,5.54,9.27,No-Show,Cash,2023-01-01 01:53:00,2023-01-01 02:09:37, 00:16:37
115,2484,41340,New York,37.17360554461956,-84.3117210554087,37.147438209384,-84.32648833793661,5.66,15.31,Completed,Card,2023-01-01 01:54:00,2023-01-01 02:10:58, 00:16:58
116,8858,33793,Chicago,38.48298847749718,-119.03667709715222,38.49781182545828,-119.02488212538783,3.96,12.02,Completed,Card,2023-01-01 01:55:00,2023-01-01 02:06:52, 00:11:52
117,1863,70470,Chicago,39.10228990418617,-119.27872901615363,39.11990316332826,-119.23808478459624,3.8,10.55,Completed,UPI,2023-01-01 01:56:00,2023-01-01 02:07:24, 00:11:24
118,3790,26950,Chicago,38.66012964424182,-106.52072776842124,38.686495209888434,-106.48262305442366,9.34,15.66,Completed,Card,2023-01-01 01:57:00,2023-01-01 02:25:01, 00:28:01
119,8408,38493,Los Angeles,37.72776174368541,-107.36911761253008,37.75150552550748,-107.3832852763629,0.05,4.92,Completed,Card,2023-01-01 01:58:00,2023-01-01 01:58:09, 00:00:09
120,9755,85193,Boston,39.64619422655602,-78.09685112432962,39.60794697989626,-78.12225066245095,5.06,12.72,Completed,Wallet,2023-01-01 01:59:00,2023-01-01 02:14:10, 00:15:10
121,6116,87930,Los Angeles,40.95184668697881,-100.09665469066094,40.97280895428904,-100.04773201901436,7.24,16.38,Completed,UPI,2023-01-01 02:00:00,2023-01-01 02:21:43, 00:21:43
122,7019,70914,Boston,38.362794697829344,-118.44067933626884,38.324324450120415,-118.43573799283888,11.21,17.3,Completed,Cash,2023-01-01 02:01:00,2023-01-01 02:34:37, 00:33:37
123,2757,45233,Boston,40.840323536943885,-113.31169227787674,40.83143818676816,-113.32643011048472,5.56,11.62,Completed,UPI,2023-01-01 02:02:00,2023-01-01 02:18:40, 00:16:40
124,8574,41039,New York,40.02589241485129,-106.98075681844936,40.03081147005162,-107.02730555948284,8.23,22.23,Completed,Cash,2023-01-01 02:03:00,2023-01-01 02:27:41, 00:24:41
125,7374,14348,San Francisco,38.31284269039728,-84.95333792582977,38.31297824928729,-84.93760325124245,5.34,12.85,Completed,Card,2023-01-01 02:04:00,2023-01-01 02:20:01, 00:16:01
126,7892,13926,Seattle,38.67867506940125,-84.49378047139524,38.64405445817695,-84.46647213669247,5.19,12.74,Cancelled,Cash,2023-01-01 02:05:00,2023-01-01 02:20:34, 00:15:34
127,2678,33943,San Francisco,39.50811303765996,-91.48103483056197,39.52746567777296,-91.52914312078596,7.0,13.76,Completed,Cash,2023-01-01 02:06:00,2023-01-01 02:27:00, 00:21:00
128,4242,87241,Chicago,39.99109947556252,-110.56220172860708,39.98473612438429,-110.59058374157348,13.27,36.72,Cancelled,Card,2023-01-01 02:07:00,2023-01-01 02:46:48, 00:39:48
129,5636,79546,San Francisco,39.98756190961096,-113.64663902070048,39.983837769252,-113.68121973921478,11.38,26.7,Completed,Wallet,2023-01-01 02:08:00,2023-01-01 02:42:08, 00:34:08
130,2059,11400,Seattle,39.56449438941501,-87.91853420330973,39.56144618645451,-87.87024293864887,6.36,16.01,Completed,Card,2023-01-01 02:09:00,2023-01-01 02:28:04, 00:19:04
131,7668,92660,Chicago,37.4497783762001,-100.21481508596784,37.48828133954776,-100.18315207631386,2.35,5.05,Completed,Wallet,2023-01-01 02:10:00,2023-01-01 02:17:03, 00:07:03
132,4157,27086,Los Angeles,40.41666679944522,-96.56465013526204,40.4420654674547,-96.57495868210066,4.71,14.49,Completed,Cash,2023-01-01 02:11:00,2023-01-01 02:25:07, 00:14:07
133,6915,16255,San Francisco,38.06897563825065,-116.83839645853902,38.10958310821647,-116.86878888871016,11.39,21.1,Completed,Cash,2023-01-01 02:12:00,2023-01-01 02:46:10, 00:34:10
134,3693,47156,New York,37.70118248152733,-115.54554945927948,37.67748505345434,-115.50163432170427,9.8,19.53,Cancelled,Card,2023-01-01 02:13:00,2023-01-01 02:42:24, 00:29:24
135,4627,51915,New York,37.8485285150626,-82.4609179103046,37.84068503420346,-82.43861379742978,7.74,19.14,Completed,UPI,2023-01-01 02:14:00,2023-01-01 02:37:13, 00:23:13
136,6450,35449,New York,37.161735682075566,-83.63699501765609,37.20235086822137,-83.61131616883048,5.6,14.91,Completed,UPI,2023-01-01 02:15:00,2023-01-01 02:31:48, 00:16:48
137,2663,42765,Los Angeles,39.94309572922964,-78.24456320656712,39.92719425042746,-78.2507957194703,1.53,5.77,Completed,Cash,2023-01-01 02:16:00,2023-01-01 02:20:35, 00:04:35
138,6592,82663,Chicago,37.20763405378895,-83.85848526703425,37.17475427725504,-83.89790625495975,7.5,21.21,Completed,UPI,2023-01-01 02:17:00,2023-01-01 02:39:30, 00:22:30
139,8392,70722,Los Angeles,37.1671917926376,-81.54290350328432,37.21058371858137,-81.5835529604432,7.35,19.6,Completed,Cash,2023-01-01 02:18:00,2023-01-01 02:40:03, 00:22:03
140,2306,44588,Los Angeles,37.00640680591939,-103.33172995806288,37.05543966767088,-103.31597375272092,9.69,16.4,Completed,Card,2023-01-01 02:19:00,2023-01-01 02:48:04, 00:29:04
141,7776,34290,Los Angeles,37.01895747126781,-87.91294261956475,37.05439566657965,-87.86755052993624,9.87,27.16,Completed,Wallet,2023-01-01 02:20:00,2023-01-01 02:49:36, 00:29:36
142,6864,63896,Boston,39.71987267998551,-110.93548991545812,39.76114045520275,-110.93048779587532,9.88,21.3,Completed,Cash,2023-01-01 02:21:00,2023-01-01 02:50:38, 00:29:38
143,8526,41699,Los Angeles,38.98145371146081,-104.403799425831,38.95618566951638,-104.37606121128046,7.81,23.46,Completed,Card,2023-01-01 02:22:00,2023-01-01 02:45:25, 00:23:25
144,9901,27763,San Francisco,39.68927650543911,-118.31422053530568,39.67302810458611,-118.33952800598033,8.18,23.03,Completed,UPI,2023-01-01 02:23:00,2023-01-01 02:47:32, 00:24:32
145,6575,72923,Chicago,37.92703867589984,-114.56824282437096,37.88202256840704,-114.5697699336616,3.34,6.69,Completed,Card,2023-01-01 02:24:00,2023-01-01 02:34:01, 00:10:01
146,6530,67622,New York,39.87785418549225,-76.13913978236128,39.87063066310685,-76.18407070450796,11.17,26.03,Completed,Card,2023-01-01 02:25:00,2023-01-01 02:58:30, 00:33:30
147,5413,99958,Seattle,38.246274692895405,-102.21487943467837,38.24816471961323,-102.19558645326956,6.56,15.47,Completed,Card,2023-01-01 02:26:00,2023-01-01 02:45:40, 00:19:40
148,4748,14347,Boston,38.98837909156059,-81.94377367247913,39.03690111251534,-81.93941972288123,8.55,17.13,Completed,Card,2023-01-01 02:27:00,2023-01-01 02:52:39, 00:25:39
149,1663,35607,Chicago,40.44988620052254,-98.61328818586765,40.46676784895874,-98.56592428902836,8.99,19.3,Completed,Cash,2023-01-01 02:28:00,2023-01-01 02:54:58, 00:26:58
150,2998,39257,Chicago,37.2588328054299,-118.17704011641774,37.22396179235622,-118.2241935078707,8.63,18.69,Completed,Card,2023-01-01 02:29:00,2023-01-01 02:54:53, 00:25:53
151,8994,93263,Los Angeles,40.42097490720812,-83.72133545328647,40.42509701568567,-83.673639329188,0.95,2.57,Completed,Cash,2023-01-01 02:30:00,2023-01-01 02:32:51, 00:02:51
152,2495,31654,New York,38.326030838582746,-88.45337887889056,38.35750020932569,-88.4452466792973,9.53,22.09,Completed,UPI,2023-01-01 02:31:00,2023-01-01 02:59:35, 00:28:35
153,4304,92524,Chicago,37.98254425324104,-107.02270355745377,38.01499879545408,-107.02347338938606,9.67,25.2,No-Show,Wallet,2023-01-01 02:32:00,2023-01-01 03:01:00, 00:29:00
154,4763,32903,San Francisco,40.39524005173427,-117.30424928405024,40.41868537413724,-117.3292167714292,0.58,5.71,Completed,Wallet,2023-01-01 02:33:00,2023-01-01 02:34:44, 00:01:44
155,6232,20847,New York,39.780002767720056,-73.31983145649963,39.81175608743688,-73.27759086068379,4.98,11.4,Completed,Cash,2023-01-01 02:34:00,2023-01-01 02:48:56, 00:14:56
156,2853,98503,San Francisco,38.18397108314569,-78.50206023894324,38.14384856646069,-78.55080950417764,9.16,16.09,No-Show,Wallet,2023-01-01 02:35:00,2023-01-01 03:02:28, 00:27:28
157,7585,57245,Boston,39.78740632985476,-94.5565547965926,39.77008101880586,-94.60476124834362,2.82,8.0,Completed,Wallet,2023-01-01 02:36:00,2023-01-01 02:44:27, 00:08:27
158,2291,10591,Chicago,40.61394360960828,-75.8592609417634,40.59145737442922,-75.84429654273747,8.18,19.22,Completed,Card,2023-01-01 02:37:00,2023-01-01 03:01:32, 00:24:32
159,4581,34422,Boston,40.48194098768999,-80.45930453478462,40.45502270099316,-80.50542035129232,3.89,12.46,Completed,Wallet,2023-01-01 02:38:00,2023-01-01 02:49:40, 00:11:40
160,8554,73215,San Francisco,40.224968000847184,-101.50707879433938,40.25128821762046,-101.50597329024087,1.23,4.42,Completed,Cash,2023-01-01 02:39:00,2023-01-01 02:42:41, 00:03:41
161,8280,65315,Boston,40.98701374936799,-120.81396271114087,40.965840771244,-120.78774295247987,10.88,23.25,Completed,Wallet,2023-01-01 02:40:00,2023-01-01 03:12:38, 00:32:38
162,2636,95874,San Francisco,37.67547377617349,-97.14018054470596,37.63691490872952,-97.09762945788908,7.01,15.6,Completed,Card,2023-01-01 02:41:00,2023-01-01 03:02:01, 00:21:01
163,4696,57048,Los Angeles,39.99763818287566,-101.97208296467512,40.02032687674119,-101.96143421235584,6.52,16.47,Completed,Wallet,2023-01-01 02:42:00,2023-01-01 03:01:33, 00:19:33
164,1698,49547,Los Angeles,38.17770577955889,-117.75186956467158,38.191369748952944,-117.75064396914128,4.73,14.96,Completed,Wallet,2023-01-01 02:43:00,2023-01-01 02:57:11, 00:14:11
165,5737,77812,Boston,40.72748161516207,-94.93560350635668,40.7010110004848,-94.91411254032847,5.18,9.44,Cancelled,UPI,2023-01-01 02:44:00,2023-01-01 02:59:32, 00:15:32
166,1854,37220,Seattle,37.32187051477055,-97.84367317156725,37.34009373579336,-97.8285716500701,8.14,18.89,Completed,Cash,2023-01-01 02:45:00,2023-01-01 03:09:25, 00:24:25
167,9164,71417,Seattle,39.67063945631784,-100.81311583948042,39.65307323176552,-100.77220165421237,8.35,19.16,Completed,UPI,2023-01-01 02:46:00,2023-01-01 03:11:03, 00:25:03
168,6855,49844,San Francisco,37.80795668753624,-84.62386936924449,37.76628806384662,-84.62278637482791,11.44,23.13,Completed,UPI,2023-01-01 02:47:00,2023-01-01 03:21:19, 00:34:19
169,8392,93996,Chicago,40.962068053210245,-107.13212482074888,40.97491988274766,-107.12382908713458,5.28,9.29,Completed,UPI,2023-01-01 02:48:00,2023-01-01 03:03:50, 00:15:50
170,7528,57238,New York,39.07857438200961,-80.53512240293895,39.05970281935367,-80.56408323694471,3.06,7.72,Completed,UPI,2023-01-01 02:49:00,2023-01-01 02:58:10, 00:09:10
171,6249,10100,Boston,39.13245697956555,-113.08341554801991,39.166630387364506,-113.07707606896976,8.66,25.31,Completed,Wallet,2023-01-01 02:50:00,2023-01-01 03:15:58, 00:25:58
172,6172,18567,Chicago,39.10930281840234,-110.85388824188342,39.08280492098845,-110.8226273965307,4.97,11.54,Completed,Wallet,2023-01-01 02:51:00,2023-01-01 03:05:54, 00:14:54
173,2707,84373,San Francisco,40.03530633509097,-107.95786915255556,40.03234590298091,-107.99476292624811,6.84,19.28,Cancelled,Wallet,2023-01-01 02:52:00,2023-01-01 03:12:31, 00:20:31
174,6791,75427,San Francisco,40.88559959062488,-100.5253814892159,40.844412846618845,-100.51260775177929,7.96,15.09,Completed,Card,2023-01-01 02:53:00,2023-01-01 03:16:52, 00:23:52
175,6535,13382,Boston,40.84250489122504,-81.08708350861775,40.808407582905176,-81.04942734184787,10.77,24.27,No-Show,UPI,2023-01-01 02:54:00,2023-01-01 03:26:18, 00:32:18
176,5931,70855,Chicago,37.93323302068925,-89.31922973817969,37.98191831824336,-89.2911749011693,5.96,15.29,Completed,Card,2023-01-01 02:55:00,2023-01-01 03:12:52, 00:17:52
177,4510,32344,Seattle,39.23499904614645,-100.10838490860807,39.25645542442216,-100.1196117045502,10.36,24.9,Completed,Wallet,2023-01-01 02:56:00,2023-01-01 03:27:04, 00:31:04
178,1202,70872,Boston,39.183501927724194,-93.34184026600668,39.20467692328928,-93.33535090434673,3.57,8.37,Completed,UPI,2023-01-01 02:57:00,2023-01-01 03:07:42, 00:10:42
179,5218,65495,Los Angeles,37.4981409655616,-104.37090740840974,37.465490947479104,-104.39416819550333,12.95,22.99,Completed,Wallet,2023-01-01 02:58:00,2023-01-01 03:36:51, 00:38:51
180,9958,63968,San Francisco,39.78846714883982,-109.38390177767404,39.83005963591345,-109.36149185882472,6.04,11.39,Completed,UPI,2023-01-01 02:59:00,2023-01-01 03:17:07, 00:18:07
181,5389,89447,Los Angeles,40.036411066022566,-86.98964519989684,40.00726803331149,-87.02281694706139,5.99,14.62,Completed,Wallet,2023-01-01 03:00:00,2023-01-01 03:17:58, 00:17:58
182,3327,61175,Boston,40.47723067627591,-113.41537750495095,40.48681490190309,-113.37892454862704,7.64,16.48,Completed,UPI,2023-01-01 03:01:00,2023-01-01 03:23:55, 00:22:55
183,9004,82828,San Francisco,39.94212364917527,-118.57172063329142,39.92955666449356,-118.53030038146676,12.08,18.12,Cancelled,UPI,2023-01-01 03:02:00,2023-01-01 03:38:14, 00:36:14
184,3931,39142,Seattle,37.47469164248672,-81.68215536688848,37.4718573834022,-81.69815579824552,3.66,10.4,Completed,Wallet,2023-01-01 03:03:00,2023-01-01 03:13:58, 00:10:58
185,8777,27429,Seattle,40.67585222762223,-88.3663975244605,40.63277025905759,-88.34681545532105,8.7,18.73,Completed,UPI,2023-01-01 03:04:00,2023-01-01 03:30:06, 00:26:06
186,1197,28481,Boston,37.84358764740792,-102.91199329704416,37.87789856157246,-102.93195067901902,9.99,26.52,Completed,UPI,2023-01-01 03:05:00,2023-01-01 03:34:58, 00:29:58
187,8125,63973,Seattle,39.438331908251314,-99.50387197258922,39.39179207080127,-99.46477084263968,6.41,17.76,Completed,Card,2023-01-01 03:06:00,2023-01-01 03:25:13, 00:19:13
188,2930,30250,New York,39.57956235999403,-111.67606385146014,39.54006187139484,-111.63502734590948,7.06,10.96,Cancelled,Wallet,2023-01-01 03:07:00,2023-01-01 03:28:10, 00:21:10
189,7287,98129,Chicago,37.6080029545107,-75.62442749505861,37.59993274630983,-75.61627878216383,5.24,16.45,No-Show,Cash,2023-01-01 03:08:00,2023-01-01 03:23:43, 00:15:43
190,9800,36590,San Francisco,38.3732408826175,-75.13088582609208,38.41464735063929,-75.09456229380977,7.33,15.79,No-Show,Card,2023-01-01 03:09:00,2023-01-01 03:30:59, 00:21:59
191,5282,74641,Seattle,38.19931943208296,-78.04924259120222,38.2110610012777,-78.04481572588557,8.01,19.18,Completed,Card,2023-01-01 03:10:00,2023-01-01 03:34:01, 00:24:01
192,3511,37974,San Francisco,39.8391897336914,-78.78113612888353,39.80986848307488,-78.76693939750936,6.12,13.4,Completed,Card,2023-01-01 03:11:00,2023-01-01 03:29:21, 00:18:21
193,1659,92303,Los Angeles,39.49998090621925,-81.54243374981712,39.46635320355554,-81.49376446817938,9.05,26.64,Completed,Cash,2023-01-01 03:12:00,2023-01-01 03:39:09, 00:27:09
194,3811,58906,New York,38.68974946025434,-107.62504127493496,38.6645759848818,-107.61895831372512,4.84,10.06,No-Show,Wallet,2023-01-01 03:13:00,2023-01-01 03:27:31, 00:14:31
195,8098,40446,Los Angeles,37.661512801034334,-94.734596406207,37.66827001499741,-94.7173907006846,8.89,21.4,Completed,Cash,2023-01-01 03:14:00,2023-01-01 03:40:40, 00:26:40
196,7546,12585,Chicago,39.95606930347317,-93.43113884043473,39.95797638481907,-93.39999632855024,5.92,16.68,No-Show,Wallet,2023-01-01 03:15:00,2023-01-01 03:32:45, 00:17:45
197,2986,92622,Boston,40.75569894988991,-75.88556948971971,40.79839447438351,-75.88923843588009,6.58,17.01,Completed,UPI,2023-01-01 03:16:00,2023-01-01 03:35:44, 00:19:44
198,9338,12096,New York,39.30821720512605,-109.8193482287258,39.35267514769862,-109.8511496029239,6.37,12.81,Completed,UPI,2023-01-01 03:17:00,2023-01-01 03:36:06, 00:19:06
199,3911,43086,Los Angeles,40.648221053339846,-95.19564432122564,40.64423629774005,-95.1992936841702,8.27,22.65,Completed,Card,2023-01-01 03:18:00,2023-01-01 03:42:48, 00:24:48
200,2734,50980,Boston,40.24403756415799,-114.32472135626064,40.28047800628429,-114.35754887319084,4.67,13.08,No-Show,UPI,2023-01-01 03:19:00,2023-01-01 03:33:00, 00:14:00
201,2843,79640,Seattle,40.80061738771651,-119.1697081217562,40.78669407474524,-119.14373102489014,8.99,21.15,Completed,Cash,2023-01-01 03:20:00,2023-01-01 03:46:58, 00:26:58
202,9680,60612,Chicago,38.35712165423565,-112.64573521582432,38.32273773769774,-112.67314941518806,6.32,17.13,Completed,Card,2023-01-01 03:21:00,2023-01-01 03:39:57, 00:18:57
203,3976,37122,Chicago,39.52858019955925,-115.9937252218416,39.57411554086551,-116.03716206107184,3.35,10.02,Completed,Cash,2023-01-01 03:22:00,2023-01-01 03:32:03, 00:10:03
204,2959,61063,Seattle,37.91381022222814,-115.70064937640538,37.87559565757587,-115.65147518358246,9.18,17.0,Completed,Card,2023-01-01 03:23:00,2023-01-01 03:50:32, 00:27:32
205,6759,13126,New York,39.95172019591026,-84.85903773093386,39.92194287854591,-84.83396665209669,7.49,17.54,Completed,Card,2023-01-01 03:24:00,2023-01-01 03:46:28, 00:22:28
206,7694,38968,Seattle,40.93665417132785,-99.780500266186,40.95739470091862,-99.82402547084172,12.13,20.57,Completed,Card,2023-01-01 03:25:00,2023-01-01 04:01:23, 00:36:23
207,3385,53525,New York,38.28636845859962,-79.43762173128903,38.30055231007406,-79.47636069622996,8.56,15.8,Completed,UPI,2023-01-01 03:26:00,2023-01-01 03:51:40, 00:25:40
208,5736,49680,Seattle,37.262192090141085,-111.42598938640594,37.2498929036811,-111.37922314597616,10.06,14.9,Completed,Wallet,2023-01-01 03:27:00,2023-01-01 03:57:10, 00:30:10
209,2802,42606,San Francisco,40.89340333342424,-87.30941375419962,40.93209920999752,-87.33907018447738,1.21,4.86,Completed,Card,2023-01-01 03:28:00,2023-01-01 03:31:37, 00:03:37
210,9155,98767,Chicago,37.124747585744025,-107.0359959656655,37.134584154412345,-107.04160870064176,9.73,21.87,Completed,Card,2023-01-01 03:29:00,2023-01-01 03:58:11, 00:29:11
211,9120,33428,Seattle,38.45683911776639,-89.11180715280584,38.48367759965528,-89.09112058972862,6.03,13.5,Completed,Cash,2023-01-01 03:30:00,2023-01-01 03:48:05, 00:18:05
212,7616,48116,San Francisco,39.23898443880588,-96.66525748524072,39.202381204109344,-96.64140936155772,3.59,9.25,Completed,Card,2023-01-01 03:31:00,2023-01-01 03:41:46, 00:10:46
213,6534,11270,Boston,40.12773488098023,-114.75957136539404,40.11604109783332,-114.76945275238502,3.79,9.79,Completed,Card,2023-01-01 03:32:00,2023-01-01 03:43:22, 00:11:22
214,5061,43049,New York,37.8661967044846,-75.64093107028343,37.84139495807078,-75.6524287257933,0.32,3.6,Completed,UPI,2023-01-01 03:33:00,2023-01-01 03:33:57, 00:00:57
215,1262,37392,San Francisco,37.21625103524132,-119.0124055053668,37.25894280845357,-118.979363148258,10.58,26.95,Completed,Card,2023-01-01 03:34:00,2023-01-01 04:05:44, 00:31:44
216,7287,88080,Chicago,39.78761990251401,-98.9367961050981,39.79459248611189,-98.98586702316912,8.17,19.46,Completed,Wallet,2023-01-01 03:35:00,2023-01-01 03:59:30, 00:24:30
217,9815,97132,Boston,37.3884411968772,-86.85780907401754,37.42246002302008,-86.8659702673492,5.21,15.55,Completed,Cash,2023-01-01 03:36:00,2023-01-01 03:51:37, 00:15:37
218,3049,11829,New York,37.9754312962382,-78.84236653518846,37.92822447403589,-78.87179340190973,6.39,10.26,Completed,Card,2023-01-01 03:37:00,2023-01-01 03:56:10, 00:19:10
219,6423,91874,Chicago,38.07105360376144,-73.11954553869504,38.09777736450667,-73.08524071516761,9.64,19.97,Cancelled,UPI,2023-01-01 03:38:00,2023-01-01 04:06:55, 00:28:55
220,5548,46507,Los Angeles,40.35114651631484,-93.28081730931224,40.332584482251946,-93.24317578392896,11.62,25.78,Completed,Card,2023-01-01 03:39:00,2023-01-01 04:13:51, 00:34:51
221,4108,16276,Boston,39.31790349017993,-73.76579150351404,39.27439397530692,-73.77780135329411,4.36,7.37,Completed,Card,2023-01-01 03:40:00,2023-01-01 03:53:04, 00:13:04
222,8158,62116,Boston,38.80676191024459,-94.90340425243797,38.76962515162951,-94.88515137913716,4.77,9.46,Completed,Card,2023-01-01 03:41:00,2023-01-01 03:55:18, 00:14:18
223,8400,32000,Los Angeles,37.10257662994052,-90.54178603036269,37.08475917537204,-90.55787636090125,0.8,4.09,Completed,Cash,2023-01-01 03:42:00,2023-01-01 03:44:24, 00:02:24
224,4170,50531,New York,39.03246346295972,-88.9612620493248,38.99433181640848,-88.99958519384072,7.26,13.23,Cancelled,UPI,2023-01-01 03:43:00,2023-01-01 04:04:46, 00:21:46
225,3255,90773,Chicago,39.85066077505502,-87.22142355529587,39.80731849986412,-87.22384246184326,5.14,11.82,Completed,Cash,2023-01-01 03:44:00,2023-01-01 03:59:25, 00:15:25
226,2154,26284,Seattle,40.90663544199159,-100.43381254836888,40.86828615358971,-100.38758751774276,10.55,23.75,Completed,Wallet,2023-01-01 03:45:00,2023-01-01 04:16:39, 00:31:39
227,5499,70268,Boston,38.930981966913976,-73.79332569850204,38.96858353624082,-73.79264350703441,4.31,9.41,Completed,Cash,2023-01-01 03:46:00,2023-01-01 03:58:55, 00:12:55
228,7295,12919,San Francisco,39.22781909614417,-102.90148790422786,39.21577225303529,-102.91987005009564,10.28,21.22,Completed,Card,2023-01-01 03:47:00,2023-01-01 04:17:50, 00:30:50
229,7197,21196,Seattle,38.28571029514951,-111.45831536442196,38.278870266148296,-111.44145437604304,7.32,13.09,Cancelled,Cash,2023-01-01 03:48:00,2023-01-01 04:09:57, 00:21:57
230,2648,60722,Seattle,40.26303481260743,-89.24813969650297,40.26199544556951,-89.27101513079667,7.37,18.41,Completed,UPI,2023-01-01 03:49:00,2023-01-01 04:11:06, 00:22:06
231,6539,36872,New York,39.16137797733865,-101.56293753648798,39.18964524259461,-101.5296152170671,8.67,19.44,Completed,Card,2023-01-01 03:50:00,2023-01-01 04:16:00, 00:26:00
232,5199,40538,New York,38.504550721712015,-115.58986064348684,38.47797298786379,-115.58067964050278,6.12,9.99,Completed,Card,2023-01-01 03:51:00,2023-01-01 04:09:21, 00:18:21
233,9445,81292,Chicago,37.46593373639903,-112.94759776698308,37.48356550675767,-112.9151290643909,3.59,12.75,Completed,Cash,2023-01-01 03:52:00,2023-01-01 04:02:46, 00:10:46
234,3557,16707,Los Angeles,40.56750244329727,-80.56853960842945,40.605558806819225,-80.59363870148614,7.03,16.0,Completed,Cash,2023-01-01 03:53:00,2023-01-01 04:14:05, 00:21:05
235,6592,98796,Boston,40.20569710951568,-99.27948951316785,40.25015656597555,-99.29142131459488,2.98,8.81,No-Show,UPI,2023-01-01 03:54:00,2023-01-01 04:02:56, 00:08:56
236,1098,88132,Seattle,37.82909766636733,-121.65959867544878,37.84857943044524,-121.64712390471652,9.86,26.52,Completed,Card,2023-01-01 03:55:00,2023-01-01 04:24:34, 00:29:34
237,3200,29959,Boston,40.50040026288722,-76.35235581868469,40.54920633554556,-76.38490997693324,3.51,10.03,Completed,Card,2023-01-01 03:56:00,2023-01-01 04:06:31, 00:10:31
238,3961,61980,San Francisco,39.22912825274679,-110.89640970005333,39.26835838393179,-110.91514099065932,2.63,9.41,Completed,Wallet,2023-01-01 03:57:00,2023-01-01 04:04:53, 00:07:53
239,5973,28958,San Francisco,40.08215122128591,-92.8053559685692,40.09881447042723,-92.81856133052538,6.68,11.21,Completed,Cash,2023-01-01 03:58:00,2023-01-01 04:18:02, 00:20:02
240,5433,78918,San Francisco,39.6051088460686,-78.27563654970879,39.64558550709456,-78.28479074798858,6.39,13.64,Completed,Wallet,2023-01-01 03:59:00,2023-01-01 04:18:10, 00:19:10
241,3869,79300,San Francisco,37.28067735287218,-76.73216080506651,37.3060354825838,-76.77910295676844,11.61,24.17,No-Show,UPI,2023-01-01 04:00:00,2023-01-01 04:34:49, 00:34:49
242,1956,53207,Chicago,37.994992002928726,-81.07817043285209,37.997258249992086,-81.0691999163126,5.23,14.41,Completed,UPI,2023-01-01 04:01:00,2023-01-01 04:16:41, 00:15:41
243,9352,25150,Chicago,38.69094729913117,-79.84847134355886,38.69030183901488,-79.79872061597817,5.73,10.34,Completed,UPI,2023-01-01 04:02:00,2023-01-01 04:19:11, 00:17:11
244,6699,13424,Seattle,37.44670507849636,-92.13646068847262,37.494584839233966,-92.11085971169148,5.49,13.66,Cancelled,Card,2023-01-01 04:03:00,2023-01-01 04:19:28, 00:16:28
245,7944,60250,San Francisco,38.49076857402795,-82.71322120302852,38.51214801974393,-82.67819774972365,11.05,28.46,Completed,Wallet,2023-01-01 04:04:00,2023-01-01 04:37:09, 00:33:09
246,5493,24271,San Francisco,37.14423078041679,-93.3808256244865,37.11852123162381,-93.34709751861146,5.48,11.68,Completed,Card,2023-01-01 04:05:00,2023-01-01 04:21:26, 00:16:26
247,5911,86531,San Francisco,40.53418798569609,-114.53246222380452,40.55418915108467,-114.52753685447476,9.49,14.94,Completed,Card,2023-01-01 04:06:00,2023-01-01 04:34:28, 00:28:28
248,4987,23582,Seattle,37.17280473578889,-85.42586937115138,37.12543497433391,-85.44101919395601,5.99,14.6,Completed,Card,2023-01-01 04:07:00,2023-01-01 04:24:58, 00:17:58
249,7015,88868,Boston,39.1934556238566,-96.76764553354928,39.168702592142594,-96.71932899546648,10.93,25.34,Completed,Wallet,2023-01-01 04:08:00,2023-01-01 04:40:47, 00:32:47
250,2218,54067,Chicago,39.75831213226388,-93.9349436040864,39.79832166529764,-93.95226180092808,11.73,29.7,No-Show,Cash,2023-01-01 04:09:00,2023-01-01 04:44:11, 00:35:11
251,5496,75733,New York,38.171270457826175,-75.15525425728572,38.19212954553063,-75.15721300283033,8.43,25.48,Completed,Wallet,2023-01-01 04:10:00,2023-01-01 04:35:17, 00:25:17
252,5735,78224,Chicago,37.008551413895766,-118.75041755505508,37.05586836300476,-118.7627892157646,3.15,9.15,Cancelled,Cash,2023-01-01 04:11:00,2023-01-01 04:20:27, 00:09:27
253,5555,17098,Seattle,39.21580400834225,-85.12663048570353,39.24337813921812,-85.1664548353661,9.13,20.87,Completed,Wallet,2023-01-01 04:12:00,2023-01-01 04:39:23, 00:27:23
254,9050,32513,Chicago,38.86008018999901,-74.2382286603788,38.85986186442696,-74.23985831808972,1.17,6.28,Completed,Cash,2023-01-01 04:13:00,2023-01-01 04:16:30, 00:03:30
255,4446,19062,Seattle,37.74761671689657,-102.03027871329584,37.72961706822728,-101.99325800781035,3.08,10.04,Completed,Card,2023-01-01 04:14:00,2023-01-01 04:23:14, 00:09:14
256,2045,76045,Boston,37.368543970189535,-117.9121086745228,37.34335938848337,-117.90044264664527,8.44,18.18,Completed,Wallet,2023-01-01 04:15:00,2023-01-01 04:40:19, 00:25:19
257,7893,87761,Seattle,40.19105854035933,-77.09942122443888,40.198049614018736,-77.07301569296074,4.81,9.98,Completed,Wallet,2023-01-01 04:16:00,2023-01-01 04:30:25, 00:14:25
258,2693,66249,Boston,37.7800820793245,-98.02784191265182,37.75181558325748,-98.02679799442043,6.72,13.57,Completed,UPI,2023-01-01 04:17:00,2023-01-01 04:37:09, 00:20:09
259,4436,93808,San Francisco,38.69996009233394,-97.81248126013448,38.70083528833157,-97.76843185741384,6.35,12.1,Completed,Card,2023-01-01 04:18:00,2023-01-01 04:37:03, 00:19:03
260,9754,41346,Los Angeles,40.1515022911137,-120.9017676443029,40.16956454812207,-120.91112514415629,6.1,12.95,Completed,Wallet,2023-01-01 04:19:00,2023-01-01 04:37:18, 00:18:18
261,6895,75381,Chicago,40.66166328992615,-109.56684444618368,40.699338174066014,-109.59810285954391,5.91,13.93,Completed,Cash,2023-01-01 04:20:00,2023-01-01 04:37:43, 00:17:43
262,4354,47439,Los Angeles,38.59402479961534,-81.89622507012018,38.632191472190655,-81.88261223683187,8.07,20.7,Completed,Card,2023-01-01 04:21:00,2023-01-01 04:45:12, 00:24:12
263,1225,15010,New York,38.863392789682806,-110.53573011674824,38.82236158656264,-110.49487683820314,3.07,11.0,Completed,Cash,2023-01-01 04:22:00,2023-01-01 04:31:12, 00:09:12
264,5893,10984,San Francisco,39.84237146932932,-106.4007115876387,39.8597228367342,-106.38163516475562,6.83,19.56,Completed,UPI,2023-01-01 04:23:00,2023-01-01 04:43:29, 00:20:29
265,8022,43563,Chicago,37.61253924739368,-109.02123870281362,37.60340889880933,-108.99187064599394,2.44,6.29,Completed,Wallet,2023-01-01 04:24:00,2023-01-01 04:31:19, 00:07:19
266,6600,76383,Boston,40.35895100263412,-109.3821276629006,40.3178030791638,-109.39845361311744,8.49,17.23,Cancelled,Card,2023-01-01 04:25:00,2023-01-01 04:50:28, 00:25:28
267,8996,97637,Boston,38.08824167273414,-95.74249206026542,38.10275864834932,-95.72384593177016,8.62,21.31,Completed,Wallet,2023-01-01 04:26:00,2023-01-01 04:51:51, 00:25:51
268,8683,29377,Los Angeles,38.66481127744796,-84.68614722074672,38.62590255271496,-84.72804643989598,5.75,12.74,Completed,UPI,2023-01-01 04:27:00,2023-01-01 04:44:15, 00:17:15
269,5642,17627,Boston,40.75360994502987,-112.3695780161309,40.73373938014503,-112.40431469707974,9.0,22.88,Completed,UPI,2023-01-01 04:28:00,2023-01-01 04:55:00, 00:27:00
270,8679,47225,Los Angeles,40.88071189961269,-90.23473854687624,40.87814091117284,-90.27104048274968,4.44,10.72,Completed,Card,2023-01-01 04:29:00,2023-01-01 04:42:19, 00:13:19
271,9208,47339,San Francisco,38.73391448984317,-85.73280083206251,38.70041828394231,-85.75508117624398,7.72,15.19,Completed,UPI,2023-01-01 04:30:00,2023-01-01 04:53:09, 00:23:09
272,8339,22591,Los Angeles,38.075275225692906,-97.79422076392868,38.05864381129293,-97.75887718928723,3.17,11.65,No-Show,Card,2023-01-01 04:31:00,2023-01-01 04:40:30, 00:09:30
273,3205,36808,Chicago,37.54836348534019,-114.42319953566346,37.52736830503366,-114.46311486159463,5.65,12.0,Completed,Cash,2023-01-01 04:32:00,2023-01-01 04:48:57, 00:16:57
274,2069,19629,Boston,37.622192646224825,-100.50397689521785,37.635075640376414,-100.469503979642,6.91,19.38,Cancelled,UPI,2023-01-01 04:33:00,2023-01-01 04:53:43, 00:20:43
275,4444,67745,Boston,39.040806302515705,-81.81934976285277,39.00265185638181,-81.82297098640109,6.94,13.0,Completed,UPI,2023-01-01 04:34:00,2023-01-01 04:54:49, 00:20:49
276,2060,29538,Chicago,39.74312331842962,-108.11013432710246,39.79105834354737,-108.15359481045594,5.84,17.83,Completed,UPI,2023-01-01 04:35:00,2023-01-01 04:52:31, 00:17:31
277,3327,72785,New York,38.451411892866965,-90.84975783055346,38.40225980430725,-90.8357866264922,1.62,4.09,Completed,UPI,2023-01-01 04:36:00,2023-01-01 04:40:51, 00:04:51
278,4420,35482,San Francisco,37.9560750613044,-112.92141668508962,37.98020747495036,-112.92604029772536,8.95,24.93,Completed,Wallet,2023-01-01 04:37:00,2023-01-01 05:03:51, 00:26:51
279,1301,96361,Los Angeles,37.01242351769638,-112.04035530990126,36.963780398753855,-112.01596564408456,8.67,21.82,Cancelled,Cash,2023-01-01 04:38:00,2023-01-01 05:04:00, 00:26:00
280,1606,11095,San Francisco,38.16183988682656,-89.79699836609066,38.1365241494689,-89.83351655432885,4.06,12.49,Completed,UPI,2023-01-01 04:39:00,2023-01-01 04:51:10, 00:12:10
281,4170,54482,Chicago,39.51920391241782,-86.30014847967993,39.51098564040167,-86.33489565609419,4.94,10.44,Completed,Cash,2023-01-01 04:40:00,2023-01-01 04:54:49, 00:14:49
282,1699,44574,San Francisco,39.9640271343937,-78.82910743373478,39.95350034444464,-78.83680747742149,4.73,11.96,Completed,UPI,2023-01-01 04:41:00,2023-01-01 04:55:11, 00:14:11
283,6088,57911,New York,40.25897711552574,-95.14513231978324,40.2396001652984,-95.17625366969422,7.71,20.05,Completed,Card,2023-01-01 04:42:00,2023-01-01 05:05:07, 00:23:07
284,1190,60828,Seattle,39.08882136949953,-102.50677607105452,39.1131918833547,-102.51824203345816,5.27,13.55,Completed,UPI,2023-01-01 04:43:00,2023-01-01 04:58:48, 00:15:48
285,1980,83935,Seattle,40.689382297161536,-78.34571247310998,40.72701353310504,-78.38683344277321,4.55,10.84,Completed,UPI,2023-01-01 04:44:00,2023-01-01 04:57:39, 00:13:39
286,3975,85093,San Francisco,40.15700947656838,-116.53208327233978,40.15947503220711,-116.53296919784302,3.13,9.46,Completed,Cash,2023-01-01 04:45:00,2023-01-01 04:54:23, 00:09:23
287,7102,72496,Los Angeles,40.14575170976778,-78.57450575414501,40.15645884472767,-78.60261820663719,8.04,14.24,Completed,UPI,2023-01-01 04:46:00,2023-01-01 05:10:07, 00:24:07
288,2184,15501,Chicago,37.06956569743622,-116.6195829205442,37.05845813904468,-116.57442545458214,4.79,12.85,Completed,Wallet,2023-01-01 04:47:00,2023-01-01 05:01:22, 00:14:22
289,4327,39660,New York,37.195483778706645,-103.30250172349484,37.18906637581697,-103.27772204131608,6.99,14.38,Completed,UPI,2023-01-01 04:48:00,2023-01-01 05:08:58, 00:20:58
290,4394,53885,New York,40.06137097491137,-81.8595929442076,40.09935810986865,-81.85983659968299,7.86,17.86,Completed,Cash,2023-01-01 04:49:00,2023-01-01 05:12:34, 00:23:34
291,9319,55217,New York,38.21391554844231,-96.7158350474694,38.19144037117354,-96.67625127800272,6.97,19.41,Completed,Wallet,2023-01-01 04:50:00,2023-01-01 05:10:54, 00:20:54
292,2816,20255,Boston,38.1299932546322,-95.82040751694667,38.089249273434206,-95.85082464017076,2.6,7.38,Completed,UPI,2023-01-01 04:51:00,2023-01-01 04:58:48, 00:07:48
293,6854,66333,San Francisco,38.18319211502608,-101.2207858966626,38.17379187407865,-101.1879872792731,4.3,10.69,Completed,UPI,2023-01-01 04:52:00,2023-01-01 05:04:54, 00:12:54
294,7709,34821,Los Angeles,40.00784782666732,-115.28335769082736,39.99504741403863,-115.30427350077052,3.14,7.37,Completed,Cash,2023-01-01 04:53:00,2023-01-01 05:02:25, 00:09:25
295,1569,72509,Boston,39.71092948817864,-77.89506541728699,39.74580635304898,-77.88429715998313,4.97,13.97,Completed,Card,2023-01-01 04:54:00,2023-01-01 05:08:54, 00:14:54
296,6442,99988,Los Angeles,37.19832079581623,-98.2518422465902,37.17511093499655,-98.2804760174155,12.1,25.36,Cancelled,UPI,2023-01-01 04:55:00,2023-01-01 05:31:18, 00:36:18
297,2895,61754,Los Angeles,40.165378842362514,-103.24422870067832,40.14649148675908,-103.27038077858435,6.98,16.94,Completed,Card,2023-01-01 04:56:00,2023-01-01 05:16:56, 00:20:56
298,3733,91297,Los Angeles,38.75086777518113,-86.03455968360424,38.737140880620814,-86.07573015436546,3.77,9.25,No-Show,UPI,2023-01-01 04:57:00,2023-01-01 05:08:18, 00:11:18
299,4863,31551,Los Angeles,39.96155445570118,-75.66250594850473,39.92138549463366,-75.64324938273822,10.72,19.09,Completed,Cash,2023-01-01 04:58:00,2023-01-01 05:30:09, 00:32:09
300,8455,24015,San Francisco,40.7863158229172,-93.66555294930276,40.74667397069911,-93.67763700569148,11.42,25.78,Completed,UPI,2023-01-01 04:59:00,2023-01-01 05:33:15, 00:34:15
301,5014,95401,San Francisco,39.546141761497424,-82.10063339541483,39.57493872174632,-82.13471261796126,5.15,9.64,Completed,UPI,2023-01-01 05:00:00,2023-01-01 05:15:27, 00:15:27
302,2686,93397,Los Angeles,39.72976804397425,-102.76265854926751,39.71218273584777,-102.80032367253403,7.26,18.67,Completed,Wallet,2023-01-01 05:01:00,2023-01-01 05:22:46, 00:21:46
303,4009,98205,Los Angeles,38.3583677285485,-104.46306466070502,38.393060963222055,-104.47681934674186,8.59,23.39,Completed,Cash,2023-01-01 05:02:00,2023-01-01 05:27:46, 00:25:46
304,8806,12497,New York,39.48821952655605,-119.31573838487414,39.45007555296528,-119.29911184288736,9.56,21.65,Completed,Card,2023-01-01 05:03:00,2023-01-01 05:31:40, 00:28:40
305,1154,72652,Boston,39.866662168275454,-90.31879220554762,39.89698134292036,-90.27356883578574,2.81,8.84,Completed,Card,2023-01-01 05:04:00,2023-01-01 05:12:25, 00:08:25
306,2409,15850,San Francisco,38.04335034403866,-105.58245941105352,38.04398119989386,-105.60417209835296,8.35,18.11,Completed,Wallet,2023-01-01 05:05:00,2023-01-01 05:30:03, 00:25:03
307,1784,77323,New York,38.32438829819431,-75.79910103016817,38.31966699301868,-75.8157868456276,0.02,3.02,Cancelled,Card,2023-01-01 05:06:00,2023-01-01 05:06:03, 00:00:03
308,9096,60964,Chicago,37.35902228829239,-74.7789870359866,37.39918021001485,-74.736585187805,5.49,14.23,Completed,Cash,2023-01-01 05:07:00,2023-01-01 05:23:28, 00:16:28
309,8560,94866,New York,40.064712963877646,-113.13165118651165,40.0705949955994,-113.172188294986,8.58,22.74,Completed,Card,2023-01-01 05:08:00,2023-01-01 05:33:44, 00:25:44
310,8343,69668,Boston,39.5117866345457,-78.6865010607491,39.53341163281451,-78.64514482345079,6.88,17.62,Completed,Wallet,2023-01-01 05:09:00,2023-01-01 05:29:38, 00:20:38
311,8206,91824,Chicago,38.53574838937213,-106.93794336721508,38.56926491334104,-106.89398029522852,4.02,6.98,Completed,Cash,2023-01-01 05:10:00,2023-01-01 05:22:03, 00:12:03
312,6596,32755,Los Angeles,39.13258622488166,-84.13100619863742,39.14467415845216,-84.10886501658092,0.43,3.89,Completed,Card,2023-01-01 05:11:00,2023-01-01 05:12:17, 00:01:17
313,6801,17313,New York,39.70949968320352,-89.20470604281292,39.6855296510617,-89.20163015706804,6.32,10.48,Completed,Card,2023-01-01 05:12:00,2023-01-01 05:30:57, 00:18:57
314,3806,86524,Boston,37.7329665759393,-84.55754315380833,37.69962500050991,-84.51422107361007,5.06,14.75,Completed,Cash,2023-01-01 05:13:00,2023-01-01 05:28:10, 00:15:10
315,1537,38965,New York,39.70855508264688,-107.97406146760542,39.72127620509662,-107.9341152094232,5.62,17.68,Completed,UPI,2023-01-01 05:14:00,2023-01-01 05:30:51, 00:16:51
316,6986,29199,Boston,39.51396195117997,-76.55472601517371,39.555808287128805,-76.59891834065145,11.03,22.42,Completed,Wallet,2023-01-01 05:15:00,2023-01-01 05:48:05, 00:33:05
317,2841,57384,New York,39.59058129894026,-93.19583072931586,39.62152711785014,-93.21666011374266,5.25,14.46,Cancelled,Card,2023-01-01 05:16:00,2023-01-01 05:31:45, 00:15:45
318,9716,97205,Boston,38.30053100548043,-115.44981034095817,38.344331453173865,-115.46719451126312,5.44,9.29,Completed,Cash,2023-01-01 05:17:00,2023-01-01 05:33:19, 00:16:19
319,7971,56222,Los Angeles,37.60337700631259,-121.1517243189473,37.56253845915053,-121.19537904649916,2.71,7.31,Completed,Card,2023-01-01 05:18:00,2023-01-01 05:26:07, 00:08:07
320,6625,10976,Boston,38.56473632045533,-97.948426388303,38.535233485665394,-97.92850451203157,8.13,22.87,Completed,Wallet,2023-01-01 05:19:00,2023-01-01 05:43:23, 00:24:23
321,3950,27133,Seattle,37.37596594085306,-93.85335933179545,37.391417559871805,-93.88227383148124,4.74,7.82,Completed,Card,2023-01-01 05:20:00,2023-01-01 05:34:13, 00:14:13
322,8992,79091,San Francisco,37.65381814883027,-93.2800596800178,37.61070445946076,-93.30088315410664,8.78,22.91,Completed,Wallet,2023-01-01 05:21:00,2023-01-01 05:47:20, 00:26:20
323,5780,66732,New York,39.21559608611086,-98.653185703142,39.23033165193696,-98.63174003419888,8.95,15.4,Completed,Card,2023-01-01 05:22:00,2023-01-01 05:48:51, 00:26:51
324,3368,31183,Chicago,40.701617655948176,-92.05742102678178,40.69332623647161,-92.075673882804,0.3,1.69,Completed,Cash,2023-01-01 05:23:00,2023-01-01 05:23:54, 00:00:54
325,7655,29399,Chicago,37.89125541269451,-103.76131101286694,37.90491886038333,-103.7414894036738,10.56,16.05,Completed,Wallet,2023-01-01 05:24:00,2023-01-01 05:55:40, 00:31:40
326,9173,21818,Chicago,39.14647302041054,-87.62028503282167,39.12996302432973,-87.60221686337277,8.86,17.88,No-Show,Card,2023-01-01 05:25:00,2023-01-01 05:51:34, 00:26:34
327,5495,51228,Boston,37.6321892816902,-76.50248015941455,37.59449616909993,-76.48495857414834,4.76,9.5,Completed,Wallet,2023-01-01 05:26:00,2023-01-01 05:40:16, 00:14:16
328,7002,78564,Seattle,39.14746378381992,-84.00848357842045,39.14088351911042,-83.99630287423282,5.46,9.88,Cancelled,Card,2023-01-01 05:27:00,2023-01-01 05:43:22, 00:16:22
329,7614,80775,Chicago,40.01800960802493,-101.73193636086252,40.03980215836472,-101.69550159524948,9.38,14.26,No-Show,UPI,2023-01-01 05:28:00,2023-01-01 05:56:08, 00:28:08
330,6919,93168,Boston,40.2513118616758,-100.3750061423857,40.22590007927124,-100.39423975713538,15.04,34.85,Completed,Wallet,2023-01-01 05:29:00,2023-01-01 06:14:07, 00:45:07
331,1853,86935,Chicago,39.79869649439327,-97.4786550794596,39.84034813626173,-97.50510484075956,10.53,17.66,Completed,Cash,2023-01-01 05:30:00,2023-01-01 06:01:35, 00:31:35
332,5146,68066,Chicago,37.80976906282826,-121.86466547463124,37.794387881048,-121.8179220985993,5.6,16.76,Completed,Wallet,2023-01-01 05:31:00,2023-01-01 05:47:48, 00:16:48
333,4769,98074,Seattle,38.79877903192615,-95.30442088170524,38.78579180761509,-95.2712145869881,5.88,14.91,Completed,Wallet,2023-01-01 05:32:00,2023-01-01 05:49:38, 00:17:38
334,1574,25369,Los Angeles,40.26851009891661,-87.8443292740511,40.24371335516983,-87.82537497001047,1.23,5.36,Completed,UPI,2023-01-01 05:33:00,2023-01-01 05:36:41, 00:03:41
335,2148,26698,Los Angeles,39.94181780660807,-120.71856872410925,39.97904224190241,-120.7679462306127,9.02,17.51,Completed,Cash,2023-01-01 05:34:00,2023-01-01 06:01:03, 00:27:03
336,7293,64148,Los Angeles,40.21158643226027,-113.58891140678256,40.1854710962794,-113.57006914260654,4.29,8.18,No-Show,Card,2023-01-01 05:35:00,2023-01-01 05:47:52, 00:12:52
337,7457,56547,New York,37.38020086213309,-108.68265573418404,37.35445483914508,-108.70436231754468,7.43,16.93,Completed,Wallet,2023-01-01 05:36:00,2023-01-01 05:58:17, 00:22:17
338,8509,41635,Boston,39.91066828719156,-80.25797501948462,39.91804142784365,-80.27655303500073,5.48,12.93,Completed,UPI,2023-01-01 05:37:00,2023-01-01 05:53:26, 00:16:26
339,5777,75115,Boston,38.77224372568299,-73.03789655853537,38.79205703315052,-72.99468514279968,2.61,8.25,Completed,Wallet,2023-01-01 05:38:00,2023-01-01 05:45:49, 00:07:49
340,4854,39316,Los Angeles,38.42761585319257,-79.92307222488115,38.39327924060655,-79.96926143332993,9.73,25.95,Completed,Wallet,2023-01-01 05:39:00,2023-01-01 06:08:11, 00:29:11
341,3491,42367,Seattle,37.64684754580871,-119.473827741256,37.61132105895973,-119.46171772819356,4.84,11.01,Completed,Cash,2023-01-01 05:40:00,2023-01-01 05:54:31, 00:14:31
342,4124,55250,Los Angeles,37.9523262271512,-73.66224458313218,37.9036366247825,-73.68267701578587,7.81,16.25,Completed,Wallet,2023-01-01 05:41:00,2023-01-01 06:04:25, 00:23:25
343,6691,64685,Chicago,39.4006995285407,-93.34779750306107,39.3688901600489,-93.3672853835493,10.99,15.38,Completed,Card,2023-01-01 05:42:00,2023-01-01 06:14:58, 00:32:58
344,4051,46438,Chicago,39.808586665571966,-112.68781197826188,39.77816129035877,-112.70934372903172,4.27,7.04,Completed,Wallet,2023-01-01 05:43:00,2023-01-01 05:55:48, 00:12:48
345,1004,67200,Chicago,39.17855918082704,-96.56309217360212,39.18510172410408,-96.57456634622004,7.38,23.06,No-Show,Card,2023-01-01 05:44:00,2023-01-01 06:06:08, 00:22:08
346,6222,28293,New York,40.86052435879438,-85.42691522585912,40.85076171063746,-85.46845887599983,7.13,11.86,Completed,Wallet,2023-01-01 05:45:00,2023-01-01 06:06:23, 00:21:23
347,6315,22288,Los Angeles,37.74791518670736,-88.23390998270634,37.768519438545184,-88.2722733392462,6.2,12.44,Completed,Wallet,2023-01-01 05:46:00,2023-01-01 06:04:36, 00:18:36
348,5869,79999,Los Angeles,39.29808609202323,-97.65025203489022,39.26144539491451,-97.69439204853944,6.78,13.84,Cancelled,UPI,2023-01-01 05:47:00,2023-01-01 06:07:20, 00:20:20
349,1876,82310,Seattle,39.97136691160725,-97.99498022221098,39.96995514695282,-97.96483834045117,8.06,22.21,Completed,UPI,2023-01-01 05:48:00,2023-01-01 06:12:10, 00:24:10
350,8027,42509,Seattle,37.96144441390926,-81.34548876680608,37.99210956224511,-81.30913134578665,4.31,11.66,Completed,UPI,2023-01-01 05:49:00,2023-01-01 06:01:55, 00:12:55
351,5142,21454,Los Angeles,37.17335506654887,-75.76070332376709,37.13474206490234,-75.80841241618505,7.0,10.27,Completed,Cash,2023-01-01 05:50:00,2023-01-01 06:11:00, 00:21:00
352,7966,55855,Chicago,37.95444140860027,-91.2180770317543,37.9651692951192,-91.22763539879418,6.02,10.46,Completed,UPI,2023-01-01 05:51:00,2023-01-01 06:09:03, 00:18:03
353,8079,29654,New York,37.02760651735256,-81.99646753780874,37.00606130407688,-82.02583181484918,6.77,11.0,Completed,UPI,2023-01-01 05:52:00,2023-01-01 06:12:18, 00:20:18
354,8987,71674,San Francisco,38.83291789240166,-92.2459464412771,38.820082199981634,-92.2729657879206,12.4,28.15,Completed,Wallet,2023-01-01 05:53:00,2023-01-01 06:30:12, 00:37:12
355,7799,35829,San Francisco,37.175151154096426,-117.17650031524654,37.156036039113495,-117.19258228970575,9.75,16.42,Completed,Card,2023-01-01 05:54:00,2023-01-01 06:23:15, 00:29:15
356,5465,70641,Chicago,40.00595779657096,-85.47345183676235,40.05465452374641,-85.49534435416807,7.55,15.25,Completed,Wallet,2023-01-01 05:55:00,2023-01-01 06:17:39, 00:22:39
357,1635,64738,Chicago,40.602095773031074,-92.8544372913791,40.64306393148711,-92.8490260734358,9.24,15.35,Completed,UPI,2023-01-01 05:56:00,2023-01-01 06:23:43, 00:27:43
358,2693,18981,Seattle,38.28322573454919,-94.4285997932372,38.25248638816277,-94.41507165697298,7.59,21.01,Completed,Card,2023-01-01 05:57:00,2023-01-01 06:19:46, 00:22:46
359,5752,21259,Los Angeles,39.3503546314321,-120.25399506347276,39.32029068086313,-120.23439238426424,3.01,5.92,Completed,Card,2023-01-01 05:58:00,2023-01-01 06:07:01, 00:09:01
360,9311,46321,Boston,40.30347109811384,-89.07074297359449,40.293333027846494,-89.0798699649044,4.47,11.4,Completed,UPI,2023-01-01 05:59:00,2023-01-01 06:12:24, 00:13:24
361,1830,51772,Chicago,38.05000488699903,-73.26264121791434,38.05567116102441,-73.2717621303387,0.77,4.94,Completed,Card,2023-01-01 06:00:00,2023-01-01 06:02:18, 00:02:18
362,6177,40380,Chicago,39.8281911575106,-99.49965782656666,39.78430078073819,-99.53552804633324,10.26,27.62,Completed,Wallet,2023-01-01 06:01:00,2023-01-01 06:31:46, 00:30:46
363,9932,45348,San Francisco,40.57956847229888,-103.13466988530584,40.62740103666593,-103.14797578196112,7.68,14.05,No-Show,Card,2023-01-01 06:02:00,2023-01-01 06:25:02, 00:23:02
364,9308,34549,Seattle,39.74650098099797,-87.51117721554483,39.73175860714862,-87.47082821720083,7.1,16.68,Cancelled,UPI,2023-01-01 06:03:00,2023-01-01 06:24:18, 00:21:18
365,6949,43172,Chicago,39.72078484991759,-94.39726021098213,39.69969232222344,-94.40115059683276,14.1,27.04,Completed,Cash,2023-01-01 06:04:00,2023-01-01 06:46:18, 00:42:18
366,3838,18144,Boston,37.42774310931488,-109.33363004341956,37.43785980428408,-109.36760707830548,7.53,13.81,No-Show,UPI,2023-01-01 06:05:00,2023-01-01 06:27:35, 00:22:35
367,2150,29228,Los Angeles,37.63421892695896,-86.4392806828324,37.645805624296926,-86.4303614046419,10.3,22.15,Completed,Cash,2023-01-01 06:06:00,2023-01-01 06:36:54, 00:30:54
368,8560,77872,Boston,39.3445074309527,-78.55083077217083,39.323869557676026,-78.57380872391897,7.3,18.17,Completed,Wallet,2023-01-01 06:07:00,2023-01-01 06:28:54, 00:21:54
369,2931,50614,New York,37.76144293895376,-95.16133454364216,37.77906584985515,-95.12149076522957,6.71,19.38,Completed,UPI,2023-01-01 06:08:00,2023-01-01 06:28:07, 00:20:07
370,2664,24013,Chicago,38.86866917645585,-83.22187932238177,38.85752568636609,-83.18962889614,8.95,16.77,Completed,Wallet,2023-01-01 06:09:00,2023-01-01 06:35:51, 00:26:51
371,2081,75625,Chicago,40.48055707763058,-110.2838442439531,40.51615342108815,-110.26189975790815,4.76,15.49,Completed,UPI,2023-01-01 06:10:00,2023-01-01 06:24:16, 00:14:16
372,1512,96982,Boston,40.80358044607681,-107.00396560638528,40.76503950074698,-106.9660257236285,7.62,22.08,Completed,Card,2023-01-01 06:11:00,2023-01-01 06:33:51, 00:22:51
373,8805,39996,Seattle,38.65137489717117,-115.52398916975744,38.639243119764814,-115.51372462371502,4.31,8.06,Completed,Wallet,2023-01-01 06:12:00,2023-01-01 06:24:55, 00:12:55
374,6237,40137,New York,37.60327038880023,-108.89598359216664,37.5701324413736,-108.94062458352904,9.54,17.91,Cancelled,UPI,2023-01-01 06:13:00,2023-01-01 06:41:37, 00:28:37
375,1559,85345,Los Angeles,40.652557192143455,-117.66314186951875,40.68610108060128,-117.6709816572204,9.06,22.42,Completed,Card,2023-01-01 06:14:00,2023-01-01 06:41:10, 00:27:10
376,4672,40080,Boston,38.87012854074506,-104.97840585730442,38.83816873084534,-104.9819691463785,5.07,10.52,Completed,Wallet,2023-01-01 06:15:00,2023-01-01 06:30:12, 00:15:12
377,8404,62746,Seattle,38.15895077413759,-92.44559261715688,38.14682332962874,-92.48857990931997,9.29,14.93,Completed,Wallet,2023-01-01 06:16:00,2023-01-01 06:43:52, 00:27:52
378,4343,85253,San Francisco,40.97459449240692,-88.6033987621396,40.93513181926642,-88.62310915407157,8.78,25.11,Completed,Wallet,2023-01-01 06:17:00,2023-01-01 06:43:20, 00:26:20
379,5070,89096,New York,40.59831601594344,-85.91504869399762,40.624790300317066,-85.92429082001343,10.4,25.86,Completed,UPI,2023-01-01 06:18:00,2023-01-01 06:49:12, 00:31:12
380,1580,38266,Los Angeles,38.72814990918323,-93.61562184473628,38.693940880950805,-93.59789898047376,4.08,9.74,Cancelled,Card,2023-01-01 06:19:00,2023-01-01 06:31:14, 00:12:14
381,8004,42688,New York,37.20215530460526,-77.2329076905682,37.15711504639601,-77.25241271127312,8.54,21.0,Completed,Wallet,2023-01-01 06:20:00,2023-01-01 06:45:37, 00:25:37
382,9130,54122,San Francisco,39.33737460956549,-112.6302995108976,39.30554043993804,-112.65137779095257,9.81,27.64,Completed,Card,2023-01-01 06:21:00,2023-01-01 06:50:25, 00:29:25
383,4147,10715,New York,39.866149038910734,-107.94513186133597,39.866751100374245,-107.9576975440804,13.26,28.88,Completed,Card,2023-01-01 06:22:00,2023-01-01 07:01:46, 00:39:46
384,5249,25163,Boston,37.021159049095104,-108.49756330802144,36.98459012658306,-108.48923228633907,7.56,14.78,No-Show,Cash,2023-01-01 06:23:00,2023-01-01 06:45:40, 00:22:40
385,2679,28825,Boston,38.32480826549863,-103.46919797246386,38.35627179422725,-103.51317673174889,10.42,26.73,Completed,UPI,2023-01-01 06:24:00,2023-01-01 06:55:15, 00:31:15
386,4506,48036,New York,37.37770805728,-98.95461822306012,37.3800545487459,-98.9243378624642,5.39,11.79,Completed,Card,2023-01-01 06:25:00,2023-01-01 06:41:10, 00:16:10
387,8253,61973,Chicago,40.51613414220936,-83.442481725574,40.51253195270779,-83.45382710811855,7.19,16.97,Completed,Wallet,2023-01-01 06:26:00,2023-01-01 06:47:34, 00:21:34
388,3744,58805,New York,37.16777721452052,-116.70371562592946,37.12310848124046,-116.68285587655198,6.65,15.12,Cancelled,UPI,2023-01-01 06:27:00,2023-01-01 06:46:57, 00:19:57
389,6188,34444,Boston,40.801496679639214,-115.33930236056204,40.83798482146357,-115.33232136801496,6.27,15.03,Completed,UPI,2023-01-01 06:28:00,2023-01-01 06:46:48, 00:18:48
390,3141,65303,Los Angeles,37.14031593864501,-82.22940840051604,37.16271502258051,-82.24205502465549,7.22,20.69,Completed,Cash,2023-01-01 06:29:00,2023-01-01 06:50:39, 00:21:39
391,7617,33780,New York,37.13570730345696,-111.74512653311696,37.13445109392264,-111.76604974954888,4.82,15.3,Completed,UPI,2023-01-01 06:30:00,2023-01-01 06:44:27, 00:14:27
392,3479,26033,San Francisco,38.73528653274472,-115.81933724200012,38.74236395131024,-115.84237374289565,0.18,4.85,Completed,Cash,2023-01-01 06:31:00,2023-01-01 06:31:32, 00:00:32
393,7484,87488,San Francisco,38.41202615448984,-99.17503420145115,38.452809310487744,-99.19907036144586,9.31,15.3,Completed,Cash,2023-01-01 06:32:00,2023-01-01 06:59:55, 00:27:55
394,8421,29285,Los Angeles,37.19571861129227,-73.64784311083896,37.21594132457205,-73.60889298109917,10.64,22.32,Completed,Cash,2023-01-01 06:33:00,2023-01-01 07:04:55, 00:31:55
395,5452,95512,Los Angeles,40.16597069001816,-77.29060012974878,40.15529074071412,-77.30384231869209,14.11,28.45,Cancelled,Card,2023-01-01 06:34:00,2023-01-01 07:16:19, 00:42:19
396,6881,34758,Los Angeles,37.26278042889379,-87.85236302899548,37.22115694253284,-87.85106367228288,4.48,10.65,No-Show,UPI,2023-01-01 06:35:00,2023-01-01 06:48:26, 00:13:26
397,7665,39610,Los Angeles,37.24243844184825,-95.98922823962326,37.19266674392222,-95.94662441749736,6.67,15.18,Completed,Wallet,2023-01-01 06:36:00,2023-01-01 06:56:00, 00:20:00
398,3849,98585,New York,38.94306236470759,-119.44801906375804,38.9062276664728,-119.43215517102377,8.81,20.64,Completed,Cash,2023-01-01 06:37:00,2023-01-01 07:03:25, 00:26:25
399,8390,49600,Los Angeles,38.396534638444365,-109.5033872128427,38.42031824611772,-109.48486039773412,10.24,27.83,Cancelled,Cash,2023-01-01 06:38:00,2023-01-01 07:08:43, 00:30:43
400,7905,52582,Los Angeles,37.5661910725202,-89.99865286303759,37.59635295815372,-90.01461216582739,4.2,13.32,Completed,Wallet,2023-01-01 06:39:00,2023-01-01 06:51:36, 00:12:36
401,3489,74908,Chicago,37.49057676449358,-87.96550258837314,37.47448525213236,-87.9535698202418,5.83,10.96,Completed,Cash,2023-01-01 06:40:00,2023-01-01 06:57:29, 00:17:29
402,5611,92005,San Francisco,40.87943083508144,-78.30540517860922,40.90676173406941,-78.34132971756671,10.04,21.01,No-Show,UPI,2023-01-01 06:41:00,2023-01-01 07:11:07, 00:30:07
403,3839,19934,New York,39.57399687509778,-107.55838753971508,39.62006428516053,-107.51030263151308,6.32,16.15,Completed,Cash,2023-01-01 06:42:00,2023-01-01 07:00:57, 00:18:57
404,9527,57647,Boston,37.8363670851404,-112.4953153383249,37.841005094691,-112.49141101844307,8.18,13.64,Completed,UPI,2023-01-01 06:43:00,2023-01-01 07:07:32, 00:24:32
405,6878,19132,Seattle,38.28471526331028,-102.98680716296964,38.30916481886861,-102.9523497613764,9.04,26.37,Completed,Cash,2023-01-01 06:44:00,2023-01-01 07:11:07, 00:27:07
406,7303,27420,Seattle,39.64759484329984,-92.77304065325116,39.64519690874169,-92.72625148417596,7.52,18.7,Completed,Cash,2023-01-01 06:45:00,2023-01-01 07:07:33, 00:22:33
407,1851,93320,Chicago,37.34935106342788,-121.71936146188754,37.31106303195015,-121.72965999061148,6.7,16.44,Completed,Card,2023-01-01 06:46:00,2023-01-01 07:06:06, 00:20:06
408,2687,46248,Chicago,38.42962279199949,-107.02339779545724,38.4636255786844,-107.04573287777612,5.95,9.31,Completed,UPI,2023-01-01 06:47:00,2023-01-01 07:04:51, 00:17:51
409,7833,63972,Boston,37.11183884975176,-92.82280617414092,37.06847219143239,-92.87166233235664,7.0,14.14,Completed,UPI,2023-01-01 06:48:00,2023-01-01 07:09:00, 00:21:00
410,3427,70355,Chicago,39.42210377475554,-78.93404967525765,39.37332329230107,-78.94638280817284,1.9,6.39,Cancelled,Wallet,2023-01-01 06:49:00,2023-01-01 06:54:42, 00:05:42
411,5000,65310,New York,40.41789658474958,-112.89183274915584,40.41982800630558,-112.8419181717926,8.11,14.63,Cancelled,Card,2023-01-01 06:50:00,2023-01-01 07:14:19, 00:24:19
412,6052,76260,San Francisco,40.60877573816859,-95.1871314765316,40.58866783637617,-95.15522627837088,3.9,10.21,Completed,UPI,2023-01-01 06:51:00,2023-01-01 07:02:42, 00:11:42
413,3738,42955,Los Angeles,39.57899769115958,-91.1013134971806,39.54563361411155,-91.09634227799546,6.73,10.39,Completed,Wallet,2023-01-01 06:52:00,2023-01-01 07:12:11, 00:20:11
414,6732,98297,Chicago,40.23507329043026,-90.37561135676783,40.23522324494861,-90.4048437239461,13.58,33.03,Completed,UPI,2023-01-01 06:53:00,2023-01-01 07:33:44, 00:40:44
415,6387,73348,Seattle,40.04509567140003,-101.1034644832147,40.08752812118264,-101.05557062978428,1.23,4.26,Completed,Cash,2023-01-01 06:54:00,2023-01-01 06:57:41, 00:03:41
416,9002,63982,New York,37.0821633659051,-104.58467558342484,37.05005877335448,-104.60688730634818,11.11,22.4,Completed,Card,2023-01-01 06:55:00,2023-01-01 07:28:19, 00:33:19
417,6536,45540,Chicago,37.68365925569975,-114.85869915869664,37.64953484318034,-114.8419361453349,8.91,25.6,Completed,UPI,2023-01-01 06:56:00,2023-01-01 07:22:43, 00:26:43
418,4913,62852,New York,37.26343875523,-110.5233600444699,37.30631090315868,-110.5452704110346,13.8,20.83,Completed,Wallet,2023-01-01 06:57:00,2023-01-01 07:38:24, 00:41:24
419,2066,29323,Chicago,38.120231523810766,-109.96971554352255,38.09670399461507,-109.9414215241796,9.22,19.88,Completed,Wallet,2023-01-01 06:58:00,2023-01-01 07:25:39, 00:27:39
420,8723,76674,New York,37.33672650352678,-87.84639815726715,37.35820820053353,-87.84186352783595,4.12,7.04,Completed,UPI,2023-01-01 06:59:00,2023-01-01 07:11:21, 00:12:21
421,5380,17211,Los Angeles,39.03653540930079,-101.62666958699889,39.05231975928723,-101.6457024746383,5.17,15.88,Completed,UPI,2023-01-01 07:00:00,2023-01-01 07:15:30, 00:15:30
422,5107,67547,New York,37.76686354157818,-73.75180921312817,37.78111205871717,-73.73548850770229,3.26,7.03,Completed,Wallet,2023-01-01 07:01:00,2023-01-01 07:10:46, 00:09:46
423,6726,99560,Boston,37.68204034130505,-85.97045702767869,37.70525240207626,-86.01148567619845,4.75,11.27,Completed,Wallet,2023-01-01 07:02:00,2023-01-01 07:16:15, 00:14:15
424,4373,57003,Chicago,40.93728582404879,-81.56350333367607,40.94971615545067,-81.55055980572973,7.87,15.37,Completed,Cash,2023-01-01 07:03:00,2023-01-01 07:26:36, 00:23:36
425,9945,42148,Los Angeles,40.65927956953104,-91.51393954150348,40.6718133799688,-91.51219026998898,3.17,8.34,Completed,Card,2023-01-01 07:04:00,2023-01-01 07:13:30, 00:09:30
426,3082,34936,Seattle,37.79727195744884,-101.09596439868214,37.78611597782452,-101.0995166821169,12.28,27.53,Completed,Cash,2023-01-01 07:05:00,2023-01-01 07:41:50, 00:36:50
427,9967,93768,Chicago,37.82696105098008,-83.19213690331273,37.84543547085842,-83.20454958753349,11.5,28.27,Completed,UPI,2023-01-01 07:06:00,2023-01-01 07:40:30, 00:34:30
428,7748,70726,New York,39.93360515951439,-83.5587285415615,39.9435140928703,-83.5114000891949,4.62,15.6,Completed,UPI,2023-01-01 07:07:00,2023-01-01 07:20:51, 00:13:51
429,1417,76141,Chicago,39.62449444937066,-79.3198328265878,39.62114859634412,-79.27400734989355,9.42,14.83,Completed,Cash,2023-01-01 07:08:00,2023-01-01 07:36:15, 00:28:15
430,9306,25424,Seattle,38.21120886640894,-108.69366613532362,38.19277348519216,-108.70997145693188,8.04,18.84,Completed,Card,2023-01-01 07:09:00,2023-01-01 07:33:07, 00:24:07
431,9808,26749,San Francisco,40.4636836278395,-109.59466262370084,40.44914501952892,-109.62722175196336,7.19,18.45,Completed,Cash,2023-01-01 07:10:00,2023-01-01 07:31:34, 00:21:34
432,4974,93148,Seattle,37.48685398942309,-73.75607627218953,37.50617431989834,-73.75971557078108,12.66,34.7,Completed,UPI,2023-01-01 07:11:00,2023-01-01 07:48:58, 00:37:58
433,4267,43666,New York,40.10082175994216,-93.21263303869551,40.11106300433636,-93.17810791772708,10.53,18.93,Completed,UPI,2023-01-01 07:12:00,2023-01-01 07:43:35, 00:31:35
434,1825,38858,Seattle,40.62743262036005,-83.76432571557822,40.61136138786793,-83.71459502445138,14.88,26.47,Cancelled,Cash,2023-01-01 07:13:00,2023-01-01 07:57:38, 00:44:38
435,8668,53731,Seattle,37.60396469631179,-77.81043595897233,37.64008787000933,-77.83483451239034,5.73,11.91,Completed,Wallet,2023-01-01 07:14:00,2023-01-01 07:31:11, 00:17:11
436,6745,37640,New York,39.228443208088464,-73.88966161830919,39.19860942492563,-73.90577435859177,9.48,19.05,Completed,Wallet,2023-01-01 07:15:00,2023-01-01 07:43:26, 00:28:26
437,1412,31764,Chicago,37.22822974536104,-90.6970134742311,37.21895247945388,-90.7324170148676,9.38,23.1,Completed,Card,2023-01-01 07:16:00,2023-01-01 07:44:08, 00:28:08
438,8543,57937,Los Angeles,40.23908800894598,-75.45950555988563,40.23911233462413,-75.44833567931896,5.36,10.78,Completed,Wallet,2023-01-01 07:17:00,2023-01-01 07:33:04, 00:16:04
439,8587,26473,Boston,39.91150537777212,-78.5585452318675,39.916433373226994,-78.52532986525318,0.97,5.79,Completed,Wallet,2023-01-01 07:18:00,2023-01-01 07:20:54, 00:02:54
440,1728,60140,Los Angeles,38.87607676317127,-81.75547580158403,38.827197385470846,-81.7559197536327,6.98,20.45,Completed,UPI,2023-01-01 07:19:00,2023-01-01 07:39:56, 00:20:56
441,8164,66209,Boston,38.16604239165216,-112.75553826304088,38.15139941129853,-112.78016837170514,2.14,6.97,Cancelled,UPI,2023-01-01 07:20:00,2023-01-01 07:26:25, 00:06:25
442,9867,77976,Seattle,37.71813532899328,-74.96696842975346,37.756788677828354,-75.0005571116521,1.8,5.11,Completed,Cash,2023-01-01 07:21:00,2023-01-01 07:26:24, 00:05:24
443,6988,23461,San Francisco,39.8936009471202,-82.39622903117018,39.84592272266134,-82.38221318297995,10.92,24.7,Completed,Cash,2023-01-01 07:22:00,2023-01-01 07:54:45, 00:32:45
444,3504,15563,Boston,39.77326077234664,-79.49169502629408,39.73389823646039,-79.50815845579329,4.68,10.76,Completed,Card,2023-01-01 07:23:00,2023-01-01 07:37:02, 00:14:02
445,3967,21403,Los Angeles,39.08386188989705,-104.35817938994305,39.08168113780111,-104.37200893863547,9.06,24.75,Completed,Card,2023-01-01 07:24:00,2023-01-01 07:51:10, 00:27:10
446,3786,92212,Boston,37.56738981505379,-99.83312308991236,37.5206087148097,-99.85444893976376,9.39,26.71,No-Show,Card,2023-01-01 07:25:00,2023-01-01 07:53:10, 00:28:10
447,2122,36065,Boston,37.20660616165027,-112.07674273272752,37.20774040721684,-112.0398585244842,9.07,19.23,Completed,Card,2023-01-01 07:26:00,2023-01-01 07:53:12, 00:27:12
448,5079,58374,San Francisco,37.13287821168749,-75.03384024744355,37.09345931288333,-75.04531061139777,10.98,23.26,Completed,Cash,2023-01-01 07:27:00,2023-01-01 07:59:56, 00:32:56
449,2571,86897,Boston,40.53156299589824,-118.68785667099104,40.504136354948095,-118.64202172616704,9.44,23.56,Completed,Card,2023-01-01 07:28:00,2023-01-01 07:56:19, 00:28:19
450,6073,96185,Chicago,37.493141346546544,-90.5431964171374,37.499281064576856,-90.53303950092632,9.0,20.58,Completed,Cash,2023-01-01 07:29:00,2023-01-01 07:56:00, 00:27:00
451,6104,15429,Seattle,38.94506632385588,-119.94964687099396,38.97487540290061,-119.94705332505936,6.86,11.55,Completed,Card,2023-01-01 07:30:00,2023-01-01 07:50:34, 00:20:34
452,3143,68793,San Francisco,40.30084601528083,-89.25725108603001,40.27541271333579,-89.23506102076816,5.5,11.64,Completed,Card,2023-01-01 07:31:00,2023-01-01 07:47:30, 00:16:30
453,7806,19282,San Francisco,38.84398592913219,-77.58611129846528,38.81969575439204,-77.62017303038151,8.88,23.19,Completed,Cash,2023-01-01 07:32:00,2023-01-01 07:58:38, 00:26:38
454,8357,65351,Chicago,37.04486945634012,-104.65832135282072,37.01201929962679,-104.67543849638857,6.29,11.9,Completed,Wallet,2023-01-01 07:33:00,2023-01-01 07:51:52, 00:18:52
455,4440,87357,San Francisco,40.232241851270565,-107.24180781966312,40.26728512605987,-107.26061244384007,6.14,11.5,Cancelled,Wallet,2023-01-01 07:34:00,2023-01-01 07:52:25, 00:18:25
456,4766,61767,San Francisco,37.37810684092359,-109.1020006359118,37.38726755600825,-109.08734170338754,4.71,11.27,Completed,Wallet,2023-01-01 07:35:00,2023-01-01 07:49:07, 00:14:07
457,6644,18342,Los Angeles,39.03545759967843,-84.31095833410404,39.0103969329204,-84.34690716418005,5.4,13.16,Completed,Wallet,2023-01-01 07:36:00,2023-01-01 07:52:12, 00:16:12
458,3914,24653,Seattle,40.27680506541738,-88.90114308182203,40.29329733821529,-88.92173055733623,3.87,11.09,Completed,UPI,2023-01-01 07:37:00,2023-01-01 07:48:36, 00:11:36
459,5968,74652,Los Angeles,39.28077274304018,-74.52385091029728,39.24829414296791,-74.54878362621932,6.85,16.41,Completed,Card,2023-01-01 07:38:00,2023-01-01 07:58:33, 00:20:33
460,6917,15434,Seattle,37.79606178545675,-105.91216318181986,37.75844909570183,-105.93627099026207,6.23,18.71,Completed,UPI,2023-01-01 07:39:00,2023-01-01 07:57:41, 00:18:41
461,9787,76519,Seattle,37.50057020017985,-82.97243215864256,37.453332106559735,-82.9555602258685,10.01,23.09,Completed,Wallet,2023-01-01 07:40:00,2023-01-01 08:10:01, 00:30:01
462,1728,77355,Seattle,40.94468659541675,-113.70928395326132,40.920248582191824,-113.7270089181005,5.76,13.27,Completed,UPI,2023-01-01 07:41:00,2023-01-01 07:58:16, 00:17:16
463,2365,92896,New York,37.992824580324,-88.45935421945462,37.95135998038812,-88.45621690362262,7.52,18.75,Cancelled,Wallet,2023-01-01 07:42:00,2023-01-01 08:04:33, 00:22:33
464,5492,16460,New York,37.05598356275458,-111.84767571056275,37.04473254014952,-111.84378750391382,8.09,17.04,Completed,Cash,2023-01-01 07:43:00,2023-01-01 08:07:16, 00:24:16
465,1698,23916,San Francisco,38.48928284353522,-98.07030837995568,38.4987657434659,-98.11969038669449,5.13,10.96,Completed,Card,2023-01-01 07:44:00,2023-01-01 07:59:23, 00:15:23
466,8186,94491,San Francisco,39.93612590818587,-111.83394754279834,39.94107909122316,-111.83474672782918,4.28,11.56,Completed,Cash,2023-01-01 07:45:00,2023-01-01 07:57:50, 00:12:50
467,1395,19378,Seattle,38.66138629567853,-87.17228294038,38.62693681516436,-87.21395980076245,10.53,26.52,Completed,Cash,2023-01-01 07:46:00,2023-01-01 08:17:35, 00:31:35
468,8400,78975,Chicago,37.63351435937633,-73.56450283218149,37.67131272451231,-73.5568654480133,6.83,13.68,Cancelled,Card,2023-01-01 07:47:00,2023-01-01 08:07:29, 00:20:29
469,9082,37140,Seattle,37.775957338251146,-91.23876313499888,37.77495862378832,-91.23553724983005,1.8,4.89,Completed,UPI,2023-01-01 07:48:00,2023-01-01 07:53:24, 00:05:24
470,5171,66385,Chicago,39.87160783916504,-99.22307973398765,39.82400177769263,-99.241770139707,4.65,10.86,Completed,UPI,2023-01-01 07:49:00,2023-01-01 08:02:57, 00:13:57
471,5360,26213,San Francisco,40.73600125351723,-84.52438558483752,40.74808922164551,-84.50150485439946,7.98,21.77,Completed,Card,2023-01-01 07:50:00,2023-01-01 08:13:56, 00:23:56
472,3502,48252,Boston,38.07207252533256,-80.16318228803458,38.03277076371693,-80.21273228438253,4.51,14.74,Completed,Cash,2023-01-01 07:51:00,2023-01-01 08:04:31, 00:13:31
473,1717,66689,Los Angeles,40.71495124819352,-97.07675557086974,40.70369010457389,-97.07341538916758,10.03,22.54,Completed,Cash,2023-01-01 07:52:00,2023-01-01 08:22:05, 00:30:05
474,3782,38328,Boston,37.51352284616775,-118.25597875841407,37.473484140944734,-118.21986774374432,11.52,17.28,Completed,Wallet,2023-01-01 07:53:00,2023-01-01 08:27:33, 00:34:33
475,5946,55909,Seattle,37.37159034160724,-79.16766970615637,37.37816194689634,-79.19387216198297,7.31,14.35,Completed,Card,2023-01-01 07:54:00,2023-01-01 08:15:55, 00:21:55
476,6486,73823,Seattle,37.6805904377239,-88.25926474110503,37.69778392225898,-88.29803377771238,9.36,25.65,No-Show,Card,2023-01-01 07:55:00,2023-01-01 08:23:04, 00:28:04
477,9335,14953,Los Angeles,38.56944885402216,-84.82359327749063,38.57552355249778,-84.78753381406442,5.33,11.84,Completed,Cash,2023-01-01 07:56:00,2023-01-01 08:11:59, 00:15:59
478,5980,80130,Seattle,39.14074849015744,-87.75720047767918,39.16087921387786,-87.78289184841384,4.18,9.66,Completed,Wallet,2023-01-01 07:57:00,2023-01-01 08:09:32, 00:12:32
479,8266,18840,San Francisco,37.91868352608554,-91.40635074712144,37.92025528906535,-91.35848655534194,7.88,13.37,Completed,Wallet,2023-01-01 07:58:00,2023-01-01 08:21:38, 00:23:38
480,5491,80482,Los Angeles,37.32790988064166,-120.70175715801682,37.32248456699961,-120.66221061043731,4.56,12.66,Cancelled,Wallet,2023-01-01 07:59:00,2023-01-01 08:12:40, 00:13:40
481,8192,84787,New York,39.94344117415754,-84.11093466753192,39.92443553475543,-84.08080314282928,3.2,11.22,Completed,Cash,2023-01-01 08:00:00,2023-01-01 08:09:36, 00:09:36
482,6588,76523,Seattle,38.17203062009017,-79.50528412696994,38.13802011257721,-79.50539640138359,10.17,16.34,Completed,Card,2023-01-01 08:01:00,2023-01-01 08:31:30, 00:30:30
483,8651,94110,San Francisco,39.18499605554682,-88.4347866505046,39.2065202625608,-88.3907293898582,13.72,28.13,Completed,Card,2023-01-01 08:02:00,2023-01-01 08:43:09, 00:41:09
484,4636,47391,San Francisco,40.05803450492986,-120.22988352548698,40.05981469944653,-120.22962324750377,1.38,7.36,No-Show,Card,2023-01-01 08:03:00,2023-01-01 08:07:08, 00:04:08
485,2167,93705,San Francisco,37.4215597351119,-103.2177952907708,37.39038648620043,-103.20583994019636,9.12,14.72,Cancelled,Wallet,2023-01-01 08:04:00,2023-01-01 08:31:21, 00:27:21
486,2062,19719,Seattle,39.05198788839237,-96.79711492607282,39.099437859986615,-96.83408164493862,6.34,18.39,Completed,UPI,2023-01-01 08:05:00,2023-01-01 08:24:01, 00:19:01
487,3156,16149,Chicago,40.33837863056303,-81.18275746980943,40.33725702830649,-81.21100611173817,4.66,12.23,Completed,Wallet,2023-01-01 08:06:00,2023-01-01 08:19:58, 00:13:58
488,8860,65968,Seattle,38.43810474092439,-103.13179519741378,38.45502266200048,-103.1003840006061,9.68,23.29,Completed,UPI,2023-01-01 08:07:00,2023-01-01 08:36:02, 00:29:02
489,6161,55279,San Francisco,39.12503472373656,-77.3416269146102,39.10419232794893,-77.33590047927346,6.84,17.1,Completed,Wallet,2023-01-01 08:08:00,2023-01-01 08:28:31, 00:20:31
490,6305,11901,San Francisco,40.75938112288472,-94.378439302462,40.751763655357536,-94.39199849180808,7.06,15.06,Completed,UPI,2023-01-01 08:09:00,2023-01-01 08:30:10, 00:21:10
491,7541,28787,Seattle,39.97748620048412,-106.67056701482832,39.95991100576835,-106.69665311106162,7.7,14.06,Completed,Card,2023-01-01 08:10:00,2023-01-01 08:33:06, 00:23:06
492,5729,94905,San Francisco,38.56453122473805,-109.18616290486337,38.59322060733079,-109.18078024618374,9.3,18.42,Completed,Cash,2023-01-01 08:11:00,2023-01-01 08:38:54, 00:27:54
493,8330,80691,Seattle,37.57874064320726,-119.38272144997843,37.61460691721595,-119.39631394425248,3.73,13.58,Completed,Card,2023-01-01 08:12:00,2023-01-01 08:23:11, 00:11:11
494,6334,35121,Seattle,38.08924314734999,-77.51974055351265,38.11360798829972,-77.53548978463834,6.81,14.37,Completed,Cash,2023-01-01 08:13:00,2023-01-01 08:33:25, 00:20:25
495,9924,16017,Boston,39.21297873374666,-95.57874732171874,39.1876915161586,-95.62524921182133,4.37,9.81,Completed,Card,2023-01-01 08:14:00,2023-01-01 08:27:06, 00:13:06
496,5330,22202,Los Angeles,37.665870577834,-110.8808346257761,37.63614444045295,-110.91338354903624,2.48,9.72,Completed,Cash,2023-01-01 08:15:00,2023-01-01 08:22:26, 00:07:26
497,9010,85465,New York,38.425280873687775,-114.81511486088765,38.388448216913694,-114.77713287301826,10.93,21.73,Completed,Wallet,2023-01-01 08:16:00,2023-01-01 08:48:47, 00:32:47
498,7801,76616,San Francisco,39.61255282369458,-121.62299760534552,39.5781863130257,-121.62295694480474,13.35,20.37,Completed,Cash,2023-01-01 08:17:00,2023-01-01 08:57:03, 00:40:03
499,5846,12021,Los Angeles,40.72623728197313,-98.46631231885684,40.72399725009066,-98.4625196931383,10.36,18.37,Completed,Wallet,2023-01-01 08:18:00,2023-01-01 08:49:04, 00:31:04
500,7731,66326,New York,37.89994558877942,-107.04084535418536,37.87405241188373,-107.02511245458948,9.24,17.74,Cancelled,Cash,2023-01-01 08:19:00,2023-01-01 08:46:43, 00:27:43
501,8241,21379,Los Angeles,38.01631855819434,-106.15999274551574,38.05420277567965,-106.15365122059109,5.51,14.03,Completed,Wallet,2023-01-01 08:20:00,2023-01-01 08:36:31, 00:16:31
502,1953,10770,San Francisco,39.74178938943899,-118.16168327984197,39.75620757996096,-118.13457067907171,11.48,18.03,Completed,Cash,2023-01-01 08:21:00,2023-01-01 08:55:26, 00:34:26
503,3539,97706,Los Angeles,37.48167609488284,-74.36515280600202,37.45471787506939,-74.33204925268768,8.58,19.59,Completed,UPI,2023-01-01 08:22:00,2023-01-01 08:47:44, 00:25:44
504,8056,19933,Los Angeles,37.66007260715571,-90.08560224411774,37.69737736863007,-90.08880896630384,7.14,19.21,Completed,UPI,2023-01-01 08:23:00,2023-01-01 08:44:25, 00:21:25
505,2542,38981,Los Angeles,37.69869676081268,-104.02669042865227,37.70085502195054,-104.02311764279892,7.57,14.56,Completed,Cash,2023-01-01 08:24:00,2023-01-01 08:46:42, 00:22:42
506,6293,22381,San Francisco,39.60278236195249,-104.91787349794951,39.57304743349787,-104.92017881140028,5.22,9.5,Completed,UPI,2023-01-01 08:25:00,2023-01-01 08:40:39, 00:15:39
507,2191,17359,Chicago,38.867677906542085,-100.04335201456948,38.8708741944425,-100.00052652393812,10.26,25.51,Completed,Card,2023-01-01 08:26:00,2023-01-01 08:56:46, 00:30:46
508,7313,66097,Chicago,37.4895108080203,-95.37056651246635,37.484789896597306,-95.352266842834,8.93,15.01,Completed,Cash,2023-01-01 08:27:00,2023-01-01 08:53:47, 00:26:47
509,7938,33830,Los Angeles,38.09211365758819,-95.0160989951764,38.10114831637079,-95.008184357922,3.69,9.82,Completed,UPI,2023-01-01 08:28:00,2023-01-01 08:39:04, 00:11:04
510,3681,56134,Seattle,38.843521432590464,-96.61373235447556,38.80394272125415,-96.619996873783,8.43,22.72,Completed,Card,2023-01-01 08:29:00,2023-01-01 08:54:17, 00:25:17
511,2540,55072,Seattle,38.23791243230247,-85.69310891683983,38.24256390647391,-85.69194232602743,6.6,14.42,Completed,Card,2023-01-01 08:30:00,2023-01-01 08:49:48, 00:19:48
512,7172,86861,San Francisco,38.66560375512812,-97.94510520728797,38.684844163801024,-97.97531637503364,6.33,12.43,Completed,Card,2023-01-01 08:31:00,2023-01-01 08:49:59, 00:18:59
513,6541,98700,Seattle,40.66799952669163,-78.11729821940489,40.62072898935201,-78.09087379554983,7.85,14.06,Completed,Card,2023-01-01 08:32:00,2023-01-01 08:55:33, 00:23:33
514,2365,20988,Los Angeles,40.86177514389573,-118.59561144068287,40.87362941076549,-118.62650377688684,5.65,17.63,Completed,Card,2023-01-01 08:33:00,2023-01-01 08:49:57, 00:16:57
515,9691,44364,Chicago,40.96845006085455,-92.45664379158136,41.00687990502085,-92.48944421704466,15.24,22.56,Cancelled,Cash,2023-01-01 08:34:00,2023-01-01 09:19:43, 00:45:43
516,9702,84283,Boston,37.104424457187065,-85.69349652944996,37.12501667486893,-85.73274457830414,13.05,26.91,Completed,Cash,2023-01-01 08:35:00,2023-01-01 09:14:09, 00:39:09
517,8494,87692,Seattle,39.858610057809166,-118.32242846394928,39.850008585572496,-118.3053509586623,4.82,12.33,Completed,Wallet,2023-01-01 08:36:00,2023-01-01 08:50:27, 00:14:27
518,5312,21763,Boston,40.74035745507268,-102.83690948502314,40.74484213425536,-102.8091178941069,12.4,25.78,Completed,Wallet,2023-01-01 08:37:00,2023-01-01 09:14:12, 00:37:12
519,2324,47122,Seattle,40.616459070058816,-89.30034627716387,40.6515535367336,-89.32813161718344,8.01,17.22,Cancelled,UPI,2023-01-01 08:38:00,2023-01-01 09:02:01, 00:24:01
520,4141,92754,Los Angeles,37.09919077259811,-82.80291715754615,37.07308208584154,-82.82525794129037,8.4,25.29,Completed,Cash,2023-01-01 08:39:00,2023-01-01 09:04:12, 00:25:12
521,8419,52607,Chicago,40.22889647750348,-79.32102712659206,40.183934375358106,-79.28552268632293,3.59,8.75,Completed,Wallet,2023-01-01 08:40:00,2023-01-01 08:50:46, 00:10:46
522,4486,84594,Seattle,38.83552277580918,-106.57459245200828,38.87989696342592,-106.54358581926128,3.15,10.73,Completed,Cash,2023-01-01 08:41:00,2023-01-01 08:50:27, 00:09:27
523,2810,92823,Boston,40.40072305997534,-94.75161826961576,40.449110058889325,-94.80072205901998,12.34,18.24,Completed,UPI,2023-01-01 08:42:00,2023-01-01 09:19:01, 00:37:01
524,7588,37033,Boston,39.86228282020977,-120.27605682298912,39.91081340486321,-120.27848643608796,12.79,33.86,Completed,UPI,2023-01-01 08:43:00,2023-01-01 09:21:22, 00:38:22
525,3923,59294,Los Angeles,38.76030669994015,-109.0731841608955,38.79380262504257,-109.06321157598714,5.33,16.35,Completed,Cash,2023-01-01 08:44:00,2023-01-01 08:59:59, 00:15:59
526,6301,99806,Los Angeles,38.181504272979296,-103.1816431957584,38.22398645226605,-103.2187919584638,4.66,14.37,Completed,Wallet,2023-01-01 08:45:00,2023-01-01 08:58:58, 00:13:58
527,5186,95310,Chicago,37.00338616522676,-107.58157042872588,37.00343699013772,-107.624093652326,4.09,9.32,Completed,Wallet,2023-01-01 08:46:00,2023-01-01 08:58:16, 00:12:16
528,9905,70039,Seattle,39.16104762568273,-82.59581272590287,39.11865512962616,-82.63360260092584,9.39,17.61,Completed,Wallet,2023-01-01 08:47:00,2023-01-01 09:15:10, 00:28:10
529,6977,74457,New York,38.596309585908514,-84.5780663869397,38.60952892677824,-84.59681667896822,6.49,15.67,Completed,Cash,2023-01-01 08:48:00,2023-01-01 09:07:28, 00:19:28
530,5268,12759,Seattle,38.357227029310096,-118.11818850282724,38.32918923508165,-118.12613290870728,3.41,11.55,No-Show,Card,2023-01-01 08:49:00,2023-01-01 08:59:13, 00:10:13
531,5748,70693,Boston,38.87320297173687,-107.29334269898192,38.91940440364087,-107.28555560713748,7.28,12.31,No-Show,Wallet,2023-01-01 08:50:00,2023-01-01 09:11:50, 00:21:50
532,5849,87617,New York,38.90496774646567,-85.8783450860745,38.938281421245485,-85.89230865026744,6.32,15.73,Completed,Cash,2023-01-01 08:51:00,2023-01-01 09:09:57, 00:18:57
533,4709,83355,Boston,39.30560070979347,-116.24471229193216,39.3128464509959,-116.21655943565088,3.44,10.33,Completed,Cash,2023-01-01 08:52:00,2023-01-01 09:02:19, 00:10:19
534,7619,38309,Boston,39.63378485230079,-112.33554203438156,39.669393962677646,-112.36861531889924,13.25,33.64,Completed,UPI,2023-01-01 08:53:00,2023-01-01 09:32:45, 00:39:45
535,9647,85449,Boston,37.654395616983976,-94.55973987753624,37.67326068029732,-94.52356467499251,8.8,22.21,Completed,Cash,2023-01-01 08:54:00,2023-01-01 09:20:24, 00:26:24
536,4072,45921,Los Angeles,37.888184865565165,-98.12197646382668,37.907183739667005,-98.12567844638863,6.88,19.33,Completed,Card,2023-01-01 08:55:00,2023-01-01 09:15:38, 00:20:38
537,7530,32896,New York,38.82720283112924,-110.27274292468466,38.844136448930186,-110.29130989304588,1.73,6.14,Completed,Wallet,2023-01-01 08:56:00,2023-01-01 09:01:11, 00:05:11
538,1504,18649,San Francisco,38.06327175832681,-116.9002514269676,38.110774509515984,-116.87301040953167,5.48,10.84,Completed,Wallet,2023-01-01 08:57:00,2023-01-01 09:13:26, 00:16:26
539,2214,73506,Los Angeles,40.17891262167835,-120.0124451911361,40.1804827453892,-119.96663264561238,9.08,18.19,Completed,Wallet,2023-01-01 08:58:00,2023-01-01 09:25:14, 00:27:14
540,2531,68620,Boston,38.92491661319026,-83.39990010296083,38.905748475911146,-83.35801469164245,5.57,13.25,Completed,Card,2023-01-01 08:59:00,2023-01-01 09:15:42, 00:16:42
541,8576,83067,New York,39.14144722243213,-105.35456891049074,39.11489665280831,-105.30492369192422,10.71,22.05,Cancelled,Wallet,2023-01-01 09:00:00,2023-01-01 09:32:07, 00:32:07
542,1823,97232,New York,39.24321335113904,-80.92937378037524,39.20206674754581,-80.91613887123646,6.29,10.08,Completed,Wallet,2023-01-01 09:01:00,2023-01-01 09:19:52, 00:18:52
543,1928,99365,Chicago,39.90471085811374,-98.54954287175156,39.94075757261337,-98.50169225665144,4.7,11.0,Completed,UPI,2023-01-01 09:02:00,2023-01-01 09:16:06, 00:14:06
544,6029,89504,Los Angeles,39.82508842066187,-79.73696262236584,39.781970797548034,-79.69548040954098,7.2,17.79,Completed,Wallet,2023-01-01 09:03:00,2023-01-01 09:24:36, 00:21:36
545,1133,49970,San Francisco,39.74940488351575,-94.59389506676644,39.74599402868253,-94.64057968640964,7.05,17.14,Cancelled,Cash,2023-01-01 09:04:00,2023-01-01 09:25:09, 00:21:09
546,3105,77144,Chicago,37.32618074228712,-80.68343699633914,37.33613282518727,-80.64947840734169,6.48,12.97,Completed,Wallet,2023-01-01 09:05:00,2023-01-01 09:24:26, 00:19:26
547,4627,46662,New York,40.00648963326111,-118.59056297762623,39.96444220168781,-118.54134317323792,6.53,15.64,Completed,Card,2023-01-01 09:06:00,2023-01-01 09:25:35, 00:19:35
548,7316,60248,Chicago,40.16351308712964,-96.02147731575512,40.14044331601944,-95.99628787715125,8.28,17.91,Completed,UPI,2023-01-01 09:07:00,2023-01-01 09:31:50, 00:24:50
549,2852,59778,Boston,39.56895711969583,-94.22002424584724,39.54266662097277,-94.21267383938486,5.92,16.46,Completed,Wallet,2023-01-01 09:08:00,2023-01-01 09:25:45, 00:17:45
550,5910,42077,Los Angeles,40.408912178143375,-76.89089807350504,40.44141805906362,-76.93005422417237,13.27,22.87,Completed,Wallet,2023-01-01 09:09:00,2023-01-01 09:48:48, 00:39:48
551,5175,63869,San Francisco,38.22159468193258,-85.04094565388993,38.19258853376206,-85.03811797551451,7.36,22.11,Completed,Cash,2023-01-01 09:10:00,2023-01-01 09:32:04, 00:22:04
552,6348,39863,Seattle,37.31353280498452,-85.82767148492414,37.31883882592048,-85.84824923483642,6.14,12.21,Completed,Card,2023-01-01 09:11:00,2023-01-01 09:29:25, 00:18:25
553,7190,39399,San Francisco,38.22215169312172,-119.28319315938944,38.19782333828796,-119.27489117122217,6.89,19.09,Completed,Wallet,2023-01-01 09:12:00,2023-01-01 09:32:40, 00:20:40
554,2256,95331,New York,39.88099490422224,-87.0468242896522,39.92127312653894,-87.07303595228247,6.86,19.09,Completed,Card,2023-01-01 09:13:00,2023-01-01 09:33:34, 00:20:34
555,4376,77680,Chicago,40.09236161266754,-111.78437887357576,40.08126553842058,-111.74505373538516,6.56,14.44,Completed,Wallet,2023-01-01 09:14:00,2023-01-01 09:33:40, 00:19:40
556,6645,10899,San Francisco,39.47603933514717,-75.85851686203571,39.4475793823222,-75.85788540641316,9.88,14.07,Completed,UPI,2023-01-01 09:15:00,2023-01-01 09:44:38, 00:29:38
557,4486,76233,San Francisco,37.675565062878,-91.1374111371955,37.72287394093941,-91.10649738639778,8.76,21.62,Completed,Card,2023-01-01 09:16:00,2023-01-01 09:42:16, 00:26:16
558,4584,53890,Boston,39.936800629230255,-73.10212696101433,39.975143104572986,-73.13887958942196,7.11,12.47,Completed,UPI,2023-01-01 09:17:00,2023-01-01 09:38:19, 00:21:19
559,9053,95975,Boston,37.04437144846305,-78.82727395702864,37.00577484671483,-78.80013097578205,13.83,38.1,Completed,UPI,2023-01-01 09:18:00,2023-01-01 09:59:29, 00:41:29
560,4330,49999,New York,37.2331632900863,-81.61075025857069,37.25166668836377,-81.57528051512465,4.85,12.52,Completed,Cash,2023-01-01 09:19:00,2023-01-01 09:33:33, 00:14:33
561,3703,54577,Seattle,37.37312400625146,-74.60662638278177,37.38192697800758,-74.61871040823851,6.93,17.3,Completed,Cash,2023-01-01 09:20:00,2023-01-01 09:40:47, 00:20:47
562,9662,62592,Chicago,37.98925357956377,-104.0855103767484,38.02551998760216,-104.09721293029617,7.54,20.6,No-Show,Card,2023-01-01 09:21:00,2023-01-01 09:43:37, 00:22:37
563,9120,46184,Boston,38.77946372316902,-81.7495915145941,38.80874465681788,-81.75975646612392,5.29,12.45,Completed,Cash,2023-01-01 09:22:00,2023-01-01 09:37:52, 00:15:52
564,8114,86778,Chicago,39.16180705175524,-115.33862071815008,39.15723277848761,-115.30144084591716,1.26,4.75,Completed,Wallet,2023-01-01 09:23:00,2023-01-01 09:26:46, 00:03:46
565,2353,16594,Seattle,39.05800483901744,-82.72217745659344,39.01501000143337,-82.67423727765892,3.74,9.85,Completed,UPI,2023-01-01 09:24:00,2023-01-01 09:35:13, 00:11:13
566,6063,56982,New York,39.907938012978015,-87.15926046831167,39.8835140317762,-87.13470436588982,8.32,15.04,Completed,Card,2023-01-01 09:25:00,2023-01-01 09:49:57, 00:24:57
567,9549,16377,Los Angeles,37.51857327133358,-121.06384802034172,37.55642271956208,-121.016011677594,7.67,20.81,Completed,Card,2023-01-01 09:26:00,2023-01-01 09:49:00, 00:23:00
568,8575,73138,New York,39.41308310306435,-117.41595319633038,39.44330758408356,-117.37724261897516,6.61,20.04,No-Show,Cash,2023-01-01 09:27:00,2023-01-01 09:46:49, 00:19:49
569,1667,27176,Los Angeles,38.88853897572052,-111.00253778168532,38.93036905162349,-111.04788149122083,10.95,20.81,Completed,Card,2023-01-01 09:28:00,2023-01-01 10:00:51, 00:32:51
570,5468,36651,Boston,39.71282567539944,-93.93724933389524,39.75006176936459,-93.9266775235916,8.61,25.29,Completed,UPI,2023-01-01 09:29:00,2023-01-01 09:54:49, 00:25:49
571,7819,66900,San Francisco,40.89947570313868,-118.54336398214184,40.94201022852744,-118.58727682602483,4.69,13.61,No-Show,Card,2023-01-01 09:30:00,2023-01-01 09:44:04, 00:14:04
572,4719,60074,New York,38.4855510960271,-73.24276742416593,38.50904961391672,-73.29154342552921,8.25,21.54,Completed,Card,2023-01-01 09:31:00,2023-01-01 09:55:45, 00:24:45
573,3745,11481,Chicago,37.985281068922006,-83.9276173320236,38.03073492326105,-83.91692700465646,3.9,9.09,Completed,Card,2023-01-01 09:32:00,2023-01-01 09:43:42, 00:11:42
574,8483,66139,Chicago,40.43300864535434,-93.1980304145012,40.46786576475368,-93.17228207263896,4.68,12.56,Completed,Card,2023-01-01 09:33:00,2023-01-01 09:47:02, 00:14:02
575,1539,50273,Seattle,38.16699553866589,-100.35894919845168,38.17502250865127,-100.361513102041,8.65,23.71,No-Show,UPI,2023-01-01 09:34:00,2023-01-01 09:59:57, 00:25:57
576,5964,18933,Los Angeles,40.44375724344752,-98.92785593518148,40.48922254758957,-98.90111067858878,6.76,11.82,Completed,Card,2023-01-01 09:35:00,2023-01-01 09:55:16, 00:20:16
577,5835,93953,Chicago,37.22712661939092,-109.34584616214494,37.19634575168888,-109.3354819198026,6.21,13.6,Completed,Card,2023-01-01 09:36:00,2023-01-01 09:54:37, 00:18:37
578,4775,67718,Boston,37.252231643651584,-94.8273515287345,37.203465028926935,-94.87108716135906,6.51,16.18,Completed,UPI,2023-01-01 09:37:00,2023-01-01 09:56:31, 00:19:31
579,7042,15768,Los Angeles,39.50748515427964,-92.05653056894326,39.5375502307256,-92.06820916868652,9.95,17.01,No-Show,Card,2023-01-01 09:38:00,2023-01-01 10:07:51, 00:29:51
580,8102,35199,San Francisco,38.13286407470381,-73.18821586202827,38.10302103774151,-73.18914460901831,7.19,18.49,Completed,Card,2023-01-01 09:39:00,2023-01-01 10:00:34, 00:21:34
581,8312,81978,New York,38.56805430655376,-107.76979868228172,38.54853669430639,-107.78764141806826,4.49,11.01,Completed,UPI,2023-01-01 09:40:00,2023-01-01 09:53:28, 00:13:28
582,6320,84776,Los Angeles,37.071756431182514,-97.97412965279293,37.08079526994041,-97.94085544902212,5.87,11.13,Completed,Cash,2023-01-01 09:41:00,2023-01-01 09:58:36, 00:17:36
583,7132,10605,Seattle,39.08057303222768,-80.30690463945675,39.06622721997912,-80.34981634677422,8.55,18.34,Completed,Card,2023-01-01 09:42:00,2023-01-01 10:07:39, 00:25:39
584,8891,61265,Seattle,37.05668079480069,-83.71683499127019,37.01713608749855,-83.6719256916453,7.1,11.8,Completed,UPI,2023-01-01 09:43:00,2023-01-01 10:04:18, 00:21:18
585,3779,78112,Boston,40.42351034616871,-117.35407394094491,40.42080039382877,-117.37738654849686,12.44,18.06,Completed,UPI,2023-01-01 09:44:00,2023-01-01 10:21:19, 00:37:19
586,1924,15740,Los Angeles,39.70084664130199,-114.58835753357208,39.68726754898656,-114.62639071920093,0.67,3.5,Completed,Wallet,2023-01-01 09:45:00,2023-01-01 09:47:00, 00:02:00
587,2581,64662,Boston,38.75386718552774,-115.69168370217892,38.770816749848535,-115.68056241926988,2.44,8.4,Completed,Card,2023-01-01 09:46:00,2023-01-01 09:53:19, 00:07:19
588,8714,59429,Seattle,39.56210810666579,-108.05348762810512,39.59247228686124,-108.08657223915353,1.66,7.27,Completed,Wallet,2023-01-01 09:47:00,2023-01-01 09:51:58, 00:04:58
589,4324,28441,Los Angeles,38.88516939851837,-104.4193928592708,38.88302119162232,-104.41000710638409,7.4,17.41,Completed,UPI,2023-01-01 09:48:00,2023-01-01 10:10:12, 00:22:12
590,6713,78707,Los Angeles,37.648752538801645,-112.71499394210616,37.67229730710228,-112.69183591285037,4.56,14.0,Completed,Card,2023-01-01 09:49:00,2023-01-01 10:02:40, 00:13:40
591,8026,15306,San Francisco,39.14318859267053,-97.38898730125813,39.1916951378191,-97.36584766464028,9.52,24.93,Completed,Wallet,2023-01-01 09:50:00,2023-01-01 10:18:33, 00:28:33
592,1255,91674,Los Angeles,40.6719567104166,-112.6941918292473,40.63276734328491,-112.66050394223844,11.06,17.65,Completed,Card,2023-01-01 09:51:00,2023-01-01 10:24:10, 00:33:10
593,5804,16536,Boston,39.53832020743707,-97.40808407813994,39.53230561994554,-97.41333269883432,11.41,20.68,Completed,Card,2023-01-01 09:52:00,2023-01-01 10:26:13, 00:34:13
594,2838,88672,Los Angeles,40.27809645300196,-105.53316839518756,40.2705365913351,-105.52105280963843,11.59,26.5,Completed,Wallet,2023-01-01 09:53:00,2023-01-01 10:27:46, 00:34:46
595,1009,58438,Chicago,38.002941605597215,-91.71074848765257,37.97557170104417,-91.75831480040476,7.81,13.06,Completed,Card,2023-01-01 09:54:00,2023-01-01 10:17:25, 00:23:25
596,3871,41812,San Francisco,38.65792230151063,-98.40563117493424,38.62422433719227,-98.38987080706478,7.52,19.87,Completed,Cash,2023-01-01 09:55:00,2023-01-01 10:17:33, 00:22:33
597,9989,38709,Boston,38.10645304745491,-83.03279609884069,38.09876574070461,-83.07079624438731,7.18,19.73,Completed,UPI,2023-01-01 09:56:00,2023-01-01 10:17:32, 00:21:32
598,8409,80721,New York,40.0123688823437,-107.11304864699966,39.97647295742148,-107.09827911024276,7.72,19.82,No-Show,UPI,2023-01-01 09:57:00,2023-01-01 10:20:09, 00:23:09
599,8418,72938,Seattle,39.55180712252652,-108.02296234084363,39.50236199429764,-107.98961713113296,5.15,8.7,Completed,UPI,2023-01-01 09:58:00,2023-01-01 10:13:27, 00:15:27
600,6124,62717,Los Angeles,39.2884475235524,-84.16030166196123,39.30816468123935,-84.12259793651761,10.7,25.8,Completed,UPI,2023-01-01 09:59:00,2023-01-01 10:31:06, 00:32:06
601,2015,30946,Boston,37.02988729378834,-114.60992118965464,37.04993346581586,-114.61314958898558,3.78,10.79,Completed,Wallet,2023-01-01 10:00:00,2023-01-01 10:11:20, 00:11:20
602,3193,32591,Chicago,40.43308267112283,-85.61076246677271,40.42503774497506,-85.62316185609359,5.13,13.35,Cancelled,Cash,2023-01-01 10:01:00,2023-01-01 10:16:23, 00:15:23
603,9415,94714,Los Angeles,40.65093256707996,-76.02198550586718,40.660060847371874,-76.0437952484946,1.87,8.4,Completed,Card,2023-01-01 10:02:00,2023-01-01 10:07:36, 00:05:36
604,8449,42408,Chicago,39.80843948415394,-117.96209125645434,39.85491588031932,-117.97314944715532,8.79,17.26,Cancelled,UPI,2023-01-01 10:03:00,2023-01-01 10:29:22, 00:26:22
605,5158,19395,Los Angeles,40.536358104821,-84.89014183471589,40.50696701222005,-84.88332409211151,10.38,18.07,No-Show,Wallet,2023-01-01 10:04:00,2023-01-01 10:35:08, 00:31:08
606,4925,25013,Los Angeles,40.35468159209886,-95.81177842141298,40.34025227792553,-95.80266299498082,10.25,25.35,Completed,UPI,2023-01-01 10:05:00,2023-01-01 10:35:45, 00:30:45
607,7970,16988,Seattle,40.27705686458076,-113.27233101480633,40.2670138604071,-113.26712767742347,3.19,6.99,Completed,UPI,2023-01-01 10:06:00,2023-01-01 10:15:34, 00:09:34
608,7938,61164,Seattle,39.947879461355136,-91.348275461158,39.90514865072142,-91.39299937612168,8.81,19.54,Completed,Card,2023-01-01 10:07:00,2023-01-01 10:33:25, 00:26:25
609,5784,69154,New York,37.25516002088544,-112.01942330631807,37.27828387516232,-111.98216591495992,1.83,8.72,Completed,Card,2023-01-01 10:08:00,2023-01-01 10:13:29, 00:05:29
610,5000,65394,New York,37.51558197052336,-86.26530873328115,37.47120796008327,-86.21675123069515,7.38,21.22,Completed,Wallet,2023-01-01 10:09:00,2023-01-01 10:31:08, 00:22:08
611,2633,34879,Chicago,40.37178759340346,-84.02887224470116,40.41904323743062,-83.98783865038355,6.52,18.2,Completed,UPI,2023-01-01 10:10:00,2023-01-01 10:29:33, 00:19:33
612,8266,27480,San Francisco,38.59264998885037,-103.51412523569796,38.5652772985406,-103.53682087373896,8.77,17.86,Completed,UPI,2023-01-01 10:11:00,2023-01-01 10:37:18, 00:26:18
613,9702,22220,Seattle,40.02199820273236,-89.97739058705312,39.97626097910576,-89.98116606366685,5.84,18.24,No-Show,Card,2023-01-01 10:12:00,2023-01-01 10:29:31, 00:17:31
614,1384,21810,Los Angeles,37.7955473197539,-86.7606497996684,37.79925244340821,-86.76998841599755,9.98,19.26,Completed,Cash,2023-01-01 10:13:00,2023-01-01 10:42:56, 00:29:56
615,1404,72386,New York,39.59962831939635,-94.81921812930187,39.593500899559245,-94.8429254692081,5.45,13.36,Completed,Card,2023-01-01 10:14:00,2023-01-01 10:30:21, 00:16:21
616,9175,43934,San Francisco,37.9667047881743,-89.26696724643651,37.93820582375466,-89.24336337823834,12.45,24.02,Completed,UPI,2023-01-01 10:15:00,2023-01-01 10:52:21, 00:37:21
617,3000,47077,Chicago,38.74151972545375,-73.8490130046954,38.73348713047557,-73.89247110483954,11.99,24.55,Completed,Wallet,2023-01-01 10:16:00,2023-01-01 10:51:58, 00:35:58
618,6989,34268,Seattle,38.14814313416216,-94.94960022262212,38.10545113014956,-94.9247931841916,5.83,14.95,Completed,Wallet,2023-01-01 10:17:00,2023-01-01 10:34:29, 00:17:29
619,2460,48301,Boston,38.79158152082554,-88.79373721566175,38.8214658866992,-88.79168007650053,4.52,11.37,Completed,Cash,2023-01-01 10:18:00,2023-01-01 10:31:33, 00:13:33
620,8190,50852,Seattle,40.92814401070165,-76.24093297984894,40.93766919165788,-76.19525399186064,9.87,19.33,Completed,Card,2023-01-01 10:19:00,2023-01-01 10:48:36, 00:29:36
621,8140,15848,Seattle,39.66690155104255,-80.8881356011459,39.697831030734896,-80.88931908997225,12.75,27.59,Completed,Card,2023-01-01 10:20:00,2023-01-01 10:58:15, 00:38:15
622,4636,51304,New York,40.45071563746219,-102.79911857362586,40.45625945104861,-102.79457750443136,7.14,16.22,Cancelled,Card,2023-01-01 10:21:00,2023-01-01 10:42:25, 00:21:25
623,5809,12541,Los Angeles,38.92519900508273,-85.08076404260066,38.94576966283049,-85.12695317277176,10.74,16.64,Completed,Card,2023-01-01 10:22:00,2023-01-01 10:54:13, 00:32:13
624,5178,97720,New York,37.06554870677924,-96.18692240304992,37.02969249920292,-96.1547958715287,6.04,18.35,Completed,Wallet,2023-01-01 10:23:00,2023-01-01 10:41:07, 00:18:07
625,8245,69266,Los Angeles,39.85890012711867,-112.68987452816168,39.868464882150825,-112.7068362681614,3.93,10.26,Completed,UPI,2023-01-01 10:24:00,2023-01-01 10:35:47, 00:11:47
626,7600,43916,Seattle,40.869846924454926,-107.87807690193868,40.903817882469085,-107.92015465856394,9.97,28.01,Completed,Wallet,2023-01-01 10:25:00,2023-01-01 10:54:54, 00:29:54
627,6997,56315,Seattle,38.145398116817006,-119.6819012301064,38.117091402265366,-119.72539085435872,4.89,8.78,Completed,Wallet,2023-01-01 10:26:00,2023-01-01 10:40:40, 00:14:40
628,3048,51616,New York,39.63450913375208,-105.19119182327368,39.62138366302564,-105.22209535854915,5.7,14.68,Completed,Card,2023-01-01 10:27:00,2023-01-01 10:44:06, 00:17:06
629,5780,80248,Chicago,38.74012189017151,-82.13621962487079,38.75548801029293,-82.17294525026045,9.62,20.13,Completed,Cash,2023-01-01 10:28:00,2023-01-01 10:56:51, 00:28:51
630,1716,90215,Chicago,39.16282337718895,-77.38392262900838,39.15266060562241,-77.35004688870794,4.97,8.34,No-Show,Card,2023-01-01 10:29:00,2023-01-01 10:43:54, 00:14:54
631,8939,27159,Chicago,37.274592994698025,-79.57222184541962,37.26034652447044,-79.61581991823442,5.65,17.21,Completed,Card,2023-01-01 10:30:00,2023-01-01 10:46:57, 00:16:57
632,6565,25880,Chicago,40.01519830056648,-119.1879708392334,40.05260810179155,-119.1931877066064,3.66,9.45,Cancelled,UPI,2023-01-01 10:31:00,2023-01-01 10:41:58, 00:10:58
633,5544,42270,Chicago,40.42990293311725,-87.05529594187291,40.47905702914187,-87.09351177941814,4.1,13.25,Completed,Wallet,2023-01-01 10:32:00,2023-01-01 10:44:18, 00:12:18
634,5976,48975,Los Angeles,37.28187074843128,-109.6113820845048,37.27076980855932,-109.61792079852546,1.65,5.65,Completed,Card,2023-01-01 10:33:00,2023-01-01 10:37:57, 00:04:57
635,4419,20199,Los Angeles,39.19108985773957,-98.63041010309362,39.21293544257947,-98.63390803033336,6.55,12.81,Completed,Wallet,2023-01-01 10:34:00,2023-01-01 10:53:39, 00:19:39
636,8239,55557,Boston,40.05013823065719,-86.85249104111037,40.02908680612136,-86.8098720667549,9.77,27.58,Completed,Card,2023-01-01 10:35:00,2023-01-01 11:04:18, 00:29:18
637,1249,69003,Seattle,40.93190108305295,-116.10537501011808,40.980316978757685,-116.09195784844457,6.96,17.7,Completed,Card,2023-01-01 10:36:00,2023-01-01 10:56:52, 00:20:52
638,9865,49946,Chicago,38.30430202482323,-100.98510926900548,38.333736144281495,-101.00833700883774,8.57,20.94,No-Show,UPI,2023-01-01 10:37:00,2023-01-01 11:02:42, 00:25:42
639,1770,18798,San Francisco,38.36162483992188,-92.752977240961,38.36564193349203,-92.74343201851046,2.73,7.31,Completed,Wallet,2023-01-01 10:38:00,2023-01-01 10:46:11, 00:08:11
640,5363,38279,Los Angeles,40.50611610358795,-85.55025502955095,40.52684275545321,-85.51641503411825,5.93,17.48,Completed,UPI,2023-01-01 10:39:00,2023-01-01 10:56:47, 00:17:47
641,2077,70716,Los Angeles,39.80872634094606,-97.4309811931817,39.85113093043704,-97.40400437364468,8.68,18.98,No-Show,UPI,2023-01-01 10:40:00,2023-01-01 11:06:02, 00:26:02
642,9427,51964,Boston,40.82249500591375,-100.32374782013336,40.84394689088285,-100.36881708658112,0.14,2.01,Completed,Card,2023-01-01 10:41:00,2023-01-01 10:41:25, 00:00:25
643,9580,77148,Los Angeles,38.92832393649324,-116.13750364324352,38.912898757160434,-116.17201550634996,5.92,11.53,Completed,UPI,2023-01-01 10:42:00,2023-01-01 10:59:45, 00:17:45
644,8901,53322,New York,39.482028391922526,-92.30151476781214,39.46612693189462,-92.31753574354262,6.13,16.81,No-Show,Cash,2023-01-01 10:43:00,2023-01-01 11:01:23, 00:18:23
645,5858,69531,Seattle,37.30903011869501,-119.90360952126144,37.26167484688587,-119.9105319547932,9.13,22.2,Completed,Card,2023-01-01 10:44:00,2023-01-01 11:11:23, 00:27:23
646,7544,36196,Los Angeles,40.87579637831323,-117.18516641080768,40.880542310221806,-117.15817245084632,6.7,17.95,Completed,Cash,2023-01-01 10:45:00,2023-01-01 11:05:06, 00:20:06
647,5719,79847,New York,38.46005238220115,-98.18714903048873,38.49470874358352,-98.16398371543592,6.55,18.25,Completed,UPI,2023-01-01 10:46:00,2023-01-01 11:05:39, 00:19:39
648,3814,96385,Boston,39.25785809676415,-75.41909238316799,39.237913918709374,-75.40937620061995,10.33,18.99,Completed,Wallet,2023-01-01 10:47:00,2023-01-01 11:17:59, 00:30:59
649,4374,68315,New York,39.3256494990081,-118.47309054159004,39.348115475510696,-118.45926798306265,2.82,6.23,Cancelled,Cash,2023-01-01 10:48:00,2023-01-01 10:56:27, 00:08:27
650,2252,74804,Seattle,38.81355532049116,-91.78564101271624,38.80172755092656,-91.7660223936402,3.77,10.4,Completed,UPI,2023-01-01 10:49:00,2023-01-01 11:00:18, 00:11:18
651,7996,28672,San Francisco,40.16298643510133,-117.413145870152,40.15257623751678,-117.42203012569291,6.9,21.06,Completed,Wallet,2023-01-01 10:50:00,2023-01-01 11:10:42, 00:20:42
652,5673,36134,Los Angeles,39.32563389779296,-76.71710998051721,39.29662436840337,-76.7403676103069,0.82,4.05,Completed,Card,2023-01-01 10:51:00,2023-01-01 10:53:27, 00:02:27
653,5530,77904,San Francisco,37.91656768249671,-84.21373782088527,37.92325889085225,-84.23173016027629,9.23,14.86,Cancelled,Wallet,2023-01-01 10:52:00,2023-01-01 11:19:41, 00:27:41
654,7881,94012,Chicago,38.37870564456511,-95.25343402985254,38.374379791429256,-95.24967616912362,5.01,11.08,Completed,Card,2023-01-01 10:53:00,2023-01-01 11:08:01, 00:15:01
655,7949,34137,Boston,40.816974242570254,-80.25903109490626,40.81562357067138,-80.28249370167741,4.98,13.97,Cancelled,UPI,2023-01-01 10:54:00,2023-01-01 11:08:56, 00:14:56
656,7241,22901,Boston,40.356784043576944,-94.74713315619776,40.33942801388496,-94.71635569073273,5.45,12.57,Completed,UPI,2023-01-01 10:55:00,2023-01-01 11:11:21, 00:16:21
657,9017,83647,Los Angeles,40.8676765768183,-76.53256072819332,40.8345307881915,-76.50869558374055,8.96,18.05,Completed,Card,2023-01-01 10:56:00,2023-01-01 11:22:52, 00:26:52
658,7941,10283,Seattle,37.99610261009595,-117.44190022483384,37.986692838449216,-117.4344775314563,5.82,9.27,Completed,UPI,2023-01-01 10:57:00,2023-01-01 11:14:27, 00:17:27
659,8002,24208,Los Angeles,38.76773767360752,-96.49760868675304,38.75297378205863,-96.45089605490884,9.75,23.99,Completed,Wallet,2023-01-01 10:58:00,2023-01-01 11:27:15, 00:29:15
660,2331,52994,Boston,37.288712688310405,-110.11066406019324,37.27048544985141,-110.06530009959307,4.69,9.29,Completed,Card,2023-01-01 10:59:00,2023-01-01 11:13:04, 00:14:04
661,5261,70999,Los Angeles,38.84870936176068,-84.73112473529018,38.86619262833527,-84.73161719158377,0.96,2.47,Completed,Card,2023-01-01 11:00:00,2023-01-01 11:02:52, 00:02:52
662,8648,56291,New York,37.94035974031127,-96.16442192003086,37.93522117243695,-96.15699463436816,6.65,13.96,Completed,Wallet,2023-01-01 11:01:00,2023-01-01 11:20:57, 00:19:57
663,6115,51631,Seattle,38.664675668064966,-114.19684584542816,38.67156517618088,-114.21202159737553,3.39,11.06,Completed,Wallet,2023-01-01 11:02:00,2023-01-01 11:12:10, 00:10:10
664,5637,94054,Seattle,38.22496677953432,-90.2391161630349,38.237533562003776,-90.25362583066403,0.48,5.74,Completed,UPI,2023-01-01 11:03:00,2023-01-01 11:04:26, 00:01:26
665,5854,66326,New York,37.184329905602205,-99.13128737541189,37.21040577472905,-99.14925420489013,1.94,5.93,Completed,Wallet,2023-01-01 11:04:00,2023-01-01 11:09:49, 00:05:49
666,4177,77018,Seattle,38.070597357319926,-80.62045968370504,38.0711437109361,-80.62922577762001,4.14,10.78,Completed,Cash,2023-01-01 11:05:00,2023-01-01 11:17:25, 00:12:25
667,8730,32710,New York,39.09940657346344,-115.68858109959535,39.10853928911827,-115.64784681510272,6.28,20.28,Completed,UPI,2023-01-01 11:06:00,2023-01-01 11:24:50, 00:18:50
668,3180,49309,Boston,37.34434880797183,-83.77121022060797,37.3454598233883,-83.81771353221619,8.15,15.85,Completed,Cash,2023-01-01 11:07:00,2023-01-01 11:31:27, 00:24:27
669,5892,42781,Boston,39.5004145075666,-76.82154856576513,39.49913131264151,-76.7815252129716,4.9,13.04,Completed,Card,2023-01-01 11:08:00,2023-01-01 11:22:42, 00:14:42
670,8043,16243,Seattle,39.765132591574265,-101.90777148805788,39.73995760413638,-101.95111371882574,8.97,25.49,Completed,Cash,2023-01-01 11:09:00,2023-01-01 11:35:54, 00:26:54
671,1137,59907,San Francisco,38.53591209460696,-83.43865027864473,38.57879394045485,-83.46541100632635,11.66,29.01,Cancelled,UPI,2023-01-01 11:10:00,2023-01-01 11:44:58, 00:34:58
672,7327,18360,Chicago,40.63613947158675,-117.93296907927676,40.60071793165858,-117.92257257809946,5.83,17.15,Completed,UPI,2023-01-01 11:11:00,2023-01-01 11:28:29, 00:17:29
673,4472,25706,Los Angeles,37.33934129358318,-74.31803710749668,37.37629783145612,-74.34997115598782,6.28,13.72,Completed,Wallet,2023-01-01 11:12:00,2023-01-01 11:30:50, 00:18:50
674,6449,80360,Boston,39.50414190462697,-118.90186701815246,39.52013041699487,-118.85910165817693,4.43,12.6,Completed,Card,2023-01-01 11:13:00,2023-01-01 11:26:17, 00:13:17
675,3832,59391,San Francisco,39.942100926533016,-86.95731718873887,39.94914336568346,-86.9584370615721,5.62,11.66,Completed,UPI,2023-01-01 11:14:00,2023-01-01 11:30:51, 00:16:51
676,4579,45055,Chicago,40.14250091681082,-78.60523451926886,40.13179893342073,-78.57286754925784,9.65,18.97,Completed,UPI,2023-01-01 11:15:00,2023-01-01 11:43:57, 00:28:57
677,6971,25068,New York,38.80528668579021,-101.29777266342444,38.84694850071512,-101.3135387315822,4.22,8.9,Completed,UPI,2023-01-01 11:16:00,2023-01-01 11:28:39, 00:12:39
678,5164,98398,Los Angeles,38.07156982096521,-114.73579427337248,38.028814315702725,-114.77358624868108,5.24,14.01,Completed,UPI,2023-01-01 11:17:00,2023-01-01 11:32:43, 00:15:43
679,8941,23877,Boston,40.85057879359502,-99.3013770087259,40.87836748241796,-99.31455820214084,9.41,17.71,Completed,UPI,2023-01-01 11:18:00,2023-01-01 11:46:13, 00:28:13
680,6569,26826,San Francisco,40.70886376546047,-76.64565399883293,40.687618940979405,-76.6871270157728,7.21,17.78,Cancelled,Wallet,2023-01-01 11:19:00,2023-01-01 11:40:37, 00:21:37
681,5300,51684,New York,40.941660057046455,-93.41397855502753,40.96722518684992,-93.41642112145446,2.62,10.28,Completed,Card,2023-01-01 11:20:00,2023-01-01 11:27:51, 00:07:51
682,7269,27291,Chicago,39.897129384638966,-109.18395550843547,39.91445801791862,-109.23126400472238,1.12,5.5,Completed,Card,2023-01-01 11:21:00,2023-01-01 11:24:21, 00:03:21
683,4818,36993,Seattle,40.12692533905458,-114.96939882377131,40.09784185466954,-114.97129691246208,8.28,23.65,Completed,UPI,2023-01-01 11:22:00,2023-01-01 11:46:50, 00:24:50
684,2906,68487,San Francisco,40.7203237866175,-120.79458802105498,40.720117718681294,-120.74935262846355,12.61,29.97,Completed,Wallet,2023-01-01 11:23:00,2023-01-01 12:00:49, 00:37:49
685,7254,34650,Chicago,38.77268193487741,-95.33713007465926,38.78340122031277,-95.37386241052675,9.53,23.93,Completed,Cash,2023-01-01 11:24:00,2023-01-01 11:52:35, 00:28:35
686,1760,12470,Seattle,37.650393809265,-78.83188795685209,37.63099241940345,-78.8612090253004,10.23,26.49,Completed,Cash,2023-01-01 11:25:00,2023-01-01 11:55:41, 00:30:41
687,8830,75605,Boston,39.23868489634,-74.85205564673326,39.24639616223984,-74.83256911318462,7.3,21.3,No-Show,Wallet,2023-01-01 11:26:00,2023-01-01 11:47:54, 00:21:54
688,8350,25170,Seattle,38.90823052252764,-117.95508324570126,38.88431072852536,-117.9068590697168,3.04,5.57,Completed,Cash,2023-01-01 11:27:00,2023-01-01 11:36:07, 00:09:07
689,7238,96760,San Francisco,40.12053080103788,-113.72385000924396,40.149417755186114,-113.6903118155483,9.5,28.2,Completed,Cash,2023-01-01 11:28:00,2023-01-01 11:56:30, 00:28:30
690,7090,49182,Los Angeles,39.95683460431262,-120.36061598866634,39.94314918166024,-120.36597222980092,8.08,19.09,Completed,Card,2023-01-01 11:29:00,2023-01-01 11:53:14, 00:24:14
691,7031,55025,New York,38.10318241473392,-83.36898354310239,38.06249056959796,-83.41489867008035,6.83,13.6,Completed,Wallet,2023-01-01 11:30:00,2023-01-01 11:50:29, 00:20:29
692,8687,67475,San Francisco,37.409630680243,-104.86044137510588,37.43123205610771,-104.86736342833406,8.19,22.09,Completed,Wallet,2023-01-01 11:31:00,2023-01-01 11:55:34, 00:24:34
693,9472,22389,Boston,39.29724420069635,-106.55174465872278,39.3144610684944,-106.5410575524849,10.35,16.29,Completed,Card,2023-01-01 11:32:00,2023-01-01 12:03:03, 00:31:03
694,2887,99515,Boston,39.70804885124931,-101.63002188521546,39.75472116746616,-101.58961155541824,7.92,15.01,Completed,Card,2023-01-01 11:33:00,2023-01-01 11:56:45, 00:23:45
695,4266,93048,Chicago,39.02990658608832,-106.6025938838873,39.074453913999136,-106.56072539953372,6.2,17.42,Completed,Cash,2023-01-01 11:34:00,2023-01-01 11:52:36, 00:18:36
696,1666,76133,Chicago,39.66943535194214,-87.47288219562637,39.64885575003922,-87.43075528230709,5.22,14.35,Completed,Card,2023-01-01 11:35:00,2023-01-01 11:50:39, 00:15:39
697,5188,48329,Los Angeles,40.0074700215758,-97.34658782608676,40.00181878771803,-97.37772055098932,7.11,16.55,Completed,Card,2023-01-01 11:36:00,2023-01-01 11:57:19, 00:21:19
698,1671,18863,Boston,38.77580375420471,-91.39823246545627,38.79370286339118,-91.41673157838584,7.3,11.62,Completed,UPI,2023-01-01 11:37:00,2023-01-01 11:58:54, 00:21:54
699,7777,63882,Boston,39.01010124346786,-103.49178259546464,38.98952754990117,-103.44750659184736,5.98,17.13,Completed,Card,2023-01-01 11:38:00,2023-01-01 11:55:56, 00:17:56
700,8570,96939,Boston,39.539314811802456,-108.63445562212252,39.49999582375634,-108.6456712606634,2.46,8.39,Completed,UPI,2023-01-01 11:39:00,2023-01-01 11:46:22, 00:07:22
701,8956,48873,New York,39.46514915233395,-120.40482383537773,39.507062409534704,-120.4539623185714,8.12,20.15,Completed,Wallet,2023-01-01 11:40:00,2023-01-01 12:04:21, 00:24:21
702,6124,30099,New York,38.94123311106239,-109.59337875065158,38.97100916614534,-109.59405998794207,5.45,12.76,Cancelled,UPI,2023-01-01 11:41:00,2023-01-01 11:57:21, 00:16:21
703,6585,95257,Boston,38.01378805645694,-115.59683216886376,38.04387756779619,-115.57748464975366,6.39,14.31,Completed,Wallet,2023-01-01 11:42:00,2023-01-01 12:01:10, 00:19:10
704,5777,12899,New York,39.726168564024384,-99.64867345836782,39.72420440818208,-99.62870683135746,7.54,23.81,Completed,Cash,2023-01-01 11:43:00,2023-01-01 12:05:37, 00:22:37
705,4900,61460,Boston,38.552260255398856,-97.78174524379446,38.51878029848866,-97.8180884369997,9.26,15.68,Completed,Card,2023-01-01 11:44:00,2023-01-01 12:11:46, 00:27:46
706,7677,41696,Chicago,38.83316063876928,-120.4195589033572,38.8507802077812,-120.43757585152534,10.08,21.61,Completed,Card,2023-01-01 11:45:00,2023-01-01 12:15:14, 00:30:14
707,7981,28847,Chicago,39.10052336893679,-76.0984703448766,39.10749300138309,-76.0525205748357,3.42,8.4,No-Show,Wallet,2023-01-01 11:46:00,2023-01-01 11:56:15, 00:10:15
708,7376,97394,New York,38.87159267599616,-80.48466086736879,38.89834561773289,-80.45161383413117,7.8,15.14,Completed,UPI,2023-01-01 11:47:00,2023-01-01 12:10:24, 00:23:24
709,1523,54492,Chicago,39.64735430726176,-91.49502693663068,39.61825030035416,-91.48106553488424,13.12,28.22,Completed,Card,2023-01-01 11:48:00,2023-01-01 12:27:21, 00:39:21
710,3393,45516,Seattle,39.05700536828168,-77.27055940407044,39.020885298307725,-77.23152716114022,7.67,12.23,Completed,Wallet,2023-01-01 11:49:00,2023-01-01 12:12:00, 00:23:00
711,3593,48272,Chicago,38.19544500799898,-85.96176946665895,38.1619193928654,-85.95255711970677,9.51,27.53,Completed,Card,2023-01-01 11:50:00,2023-01-01 12:18:31, 00:28:31
712,8240,86318,Los Angeles,40.83035366952373,-117.51129032690666,40.84765151793202,-117.51399085802731,9.93,21.67,Completed,Card,2023-01-01 11:51:00,2023-01-01 12:20:47, 00:29:47
713,7937,23586,Los Angeles,40.94684641719528,-112.5849749437296,40.97429352117809,-112.56536851431622,0.18,4.98,Cancelled,Wallet,2023-01-01 11:52:00,2023-01-01 11:52:32, 00:00:32
714,7190,21222,Boston,37.29127606739952,-113.77089458805456,37.30795184071408,-113.7915374185652,6.0,11.86,Completed,Card,2023-01-01 11:53:00,2023-01-01 12:11:00, 00:18:00
715,6240,66225,San Francisco,39.69935205844608,-118.77676977413196,39.74437345044498,-118.77594462195286,0.43,1.93,Completed,Cash,2023-01-01 11:54:00,2023-01-01 11:55:17, 00:01:17
716,7493,36287,San Francisco,40.546831296399205,-116.68324844146034,40.52771754828114,-116.72925699703072,5.2,11.38,Completed,Wallet,2023-01-01 11:55:00,2023-01-01 12:10:36, 00:15:36
717,3878,57919,Los Angeles,40.80536129167643,-78.79338715526109,40.8391866806836,-78.78074421274533,5.8,13.24,Completed,Cash,2023-01-01 11:56:00,2023-01-01 12:13:24, 00:17:24
718,5143,88267,Seattle,40.24953842737247,-86.96443094230418,40.2899768703789,-86.99408811663835,6.23,13.41,Completed,Cash,2023-01-01 11:57:00,2023-01-01 12:15:41, 00:18:41
719,4644,67515,Boston,40.56992440753841,-74.16732092882403,40.533890677993945,-74.13391803228635,6.7,16.48,Completed,Card,2023-01-01 11:58:00,2023-01-01 12:18:06, 00:20:06
720,5432,39601,Los Angeles,38.42568658345044,-92.22599673732152,38.43831966028147,-92.18583659199231,5.73,12.26,Cancelled,Card,2023-01-01 11:59:00,2023-01-01 12:16:11, 00:17:11
721,2276,29785,Chicago,40.32368413726388,-106.14635692839232,40.36909552237474,-106.1828198485082,8.7,23.78,Completed,Wallet,2023-01-01 12:00:00,2023-01-01 12:26:06, 00:26:06
722,6811,66907,Boston,39.44485137947536,-106.40835559834964,39.48333441276824,-106.41180406255768,5.69,16.99,Completed,Wallet,2023-01-01 12:01:00,2023-01-01 12:18:04, 00:17:04
723,1302,94336,Seattle,38.70244986908608,-88.24981824152954,38.69099587252309,-88.22421622105475,7.63,19.93,Completed,Card,2023-01-01 12:02:00,2023-01-01 12:24:53, 00:22:53
724,1638,90765,Boston,40.233645849671504,-114.39422793757208,40.27694475171253,-114.4075418625366,6.12,15.27,Completed,Wallet,2023-01-01 12:03:00,2023-01-01 12:21:21, 00:18:21
725,1055,76257,San Francisco,37.88244494678713,-105.47140113291944,37.87569657674554,-105.46151320511362,8.12,19.21,Cancelled,Cash,2023-01-01 12:04:00,2023-01-01 12:28:21, 00:24:21
726,9717,20520,San Francisco,40.7911929981706,-90.51669267771248,40.80650608301371,-90.53804838566244,12.29,27.9,Completed,Card,2023-01-01 12:05:00,2023-01-01 12:41:52, 00:36:52
727,9150,42432,San Francisco,38.84847093283612,-75.50081133327251,38.810768356685706,-75.4918159644199,9.25,17.92,Completed,Wallet,2023-01-01 12:06:00,2023-01-01 12:33:45, 00:27:45
728,3125,35654,New York,40.39570752147487,-88.39671133359317,40.41683340163555,-88.36163738917591,4.03,9.89,Completed,Wallet,2023-01-01 12:07:00,2023-01-01 12:19:05, 00:12:05
729,1364,86693,Chicago,37.98239481698901,-100.26673599385468,37.9688953435074,-100.2720885503118,5.2,12.53,Cancelled,Card,2023-01-01 12:08:00,2023-01-01 12:23:36, 00:15:36
730,7809,21741,Chicago,40.57454614533841,-112.42985522807533,40.58595653560161,-112.39104064627698,8.23,16.86,No-Show,Wallet,2023-01-01 12:09:00,2023-01-01 12:33:41, 00:24:41
731,5621,18604,Chicago,39.179584559440926,-73.9341298090234,39.201344694590205,-73.92344473724586,4.32,12.76,Cancelled,UPI,2023-01-01 12:10:00,2023-01-01 12:22:57, 00:12:57
732,6126,13687,Chicago,38.091475230776325,-106.34209554291668,38.0677909048368,-106.31640566785532,9.89,17.52,Completed,Cash,2023-01-01 12:11:00,2023-01-01 12:40:40, 00:29:40
733,6122,43794,Seattle,39.405653868636655,-94.58404839737076,39.41089598435844,-94.56623639832674,9.27,15.42,Completed,UPI,2023-01-01 12:12:00,2023-01-01 12:39:48, 00:27:48
734,2646,29219,Chicago,37.295851869725965,-104.55203078866975,37.25022108611369,-104.58547963481271,10.7,20.18,Completed,UPI,2023-01-01 12:13:00,2023-01-01 12:45:06, 00:32:06
735,1918,81331,Seattle,38.4397192237847,-114.25318269804984,38.39672111683919,-114.2761487566728,1.06,6.94,Completed,Card,2023-01-01 12:14:00,2023-01-01 12:17:10, 00:03:10
736,3797,43357,Chicago,39.11822959120977,-89.86459967672951,39.142619232618486,-89.81957381028589,4.11,9.55,Completed,Wallet,2023-01-01 12:15:00,2023-01-01 12:27:19, 00:12:19
737,7506,20769,New York,39.10583062161797,-76.45345160335512,39.12101389630477,-76.44377787522365,6.18,13.94,Completed,UPI,2023-01-01 12:16:00,2023-01-01 12:34:32, 00:18:32
738,6870,29552,Boston,39.456345304283744,-109.93347518039369,39.428507852651,-109.88768378162254,2.83,7.26,Cancelled,UPI,2023-01-01 12:17:00,2023-01-01 12:25:29, 00:08:29
739,2531,61186,San Francisco,37.17289789412104,-98.5505252714079,37.16777045692054,-98.50150371557548,4.68,10.53,Completed,UPI,2023-01-01 12:18:00,2023-01-01 12:32:02, 00:14:02
740,9172,64337,San Francisco,40.065913692480464,-83.12291998699024,40.08546894682157,-83.13765424136366,7.24,15.53,Completed,Cash,2023-01-01 12:19:00,2023-01-01 12:40:43, 00:21:43
741,4345,87796,San Francisco,37.37303362021363,-117.07328705430922,37.37238901189168,-117.08890880741214,8.81,22.72,No-Show,UPI,2023-01-01 12:20:00,2023-01-01 12:46:25, 00:26:25
742,8673,64302,Seattle,40.76361986321259,-84.67385966310626,40.8063496121127,-84.71078144573036,10.74,19.28,Completed,UPI,2023-01-01 12:21:00,2023-01-01 12:53:13, 00:32:13
743,7949,15077,Chicago,39.19172875397046,-85.22115132696207,39.22980219576807,-85.24600147763522,9.84,25.86,No-Show,Card,2023-01-01 12:22:00,2023-01-01 12:51:31, 00:29:31
744,7882,27160,San Francisco,40.92150292824361,-87.75824175540072,40.93497176855791,-87.77975136065943,2.81,5.75,Completed,Wallet,2023-01-01 12:23:00,2023-01-01 12:31:25, 00:08:25
745,2906,34723,Seattle,37.72711116914734,-89.87094393754349,37.76702288985045,-89.90550081252628,2.61,8.51,Completed,Wallet,2023-01-01 12:24:00,2023-01-01 12:31:49, 00:07:49
746,4086,26019,New York,40.1039105617396,-121.60356143126036,40.11892998654909,-121.57501731225013,10.49,30.07,Completed,UPI,2023-01-01 12:25:00,2023-01-01 12:56:28, 00:31:28
747,9152,51006,Chicago,39.331715801306885,-81.76449633188903,39.34192196232089,-81.72653749416722,3.94,9.49,Cancelled,UPI,2023-01-01 12:26:00,2023-01-01 12:37:49, 00:11:49
748,6750,68611,Chicago,40.34302236741094,-98.99159527074224,40.379448516749655,-99.03429814998488,0.85,3.47,Completed,UPI,2023-01-01 12:27:00,2023-01-01 12:29:33, 00:02:33
749,9905,91152,New York,37.2062766939689,-83.27898812246899,37.2330971239237,-83.30297109625009,5.07,10.25,Completed,Cash,2023-01-01 12:28:00,2023-01-01 12:43:12, 00:15:12
750,2062,27885,Boston,38.46093622587763,-118.26543818658293,38.4449673488814,-118.3059285634057,12.06,25.4,Completed,Cash,2023-01-01 12:29:00,2023-01-01 13:05:10, 00:36:10
751,2976,68962,New York,39.63712389523029,-111.20999477653712,39.65629918744509,-111.19202770551364,7.49,11.17,Completed,Card,2023-01-01 12:30:00,2023-01-01 12:52:28, 00:22:28
752,2296,77200,New York,38.15108051724604,-96.47690408116186,38.17096144422233,-96.4378889807128,9.33,20.24,Completed,UPI,2023-01-01 12:31:00,2023-01-01 12:58:59, 00:27:59
753,7229,16596,New York,40.63569649542893,-110.02281189647192,40.60636054128414,-110.06107142409384,6.61,13.58,Completed,Wallet,2023-01-01 12:32:00,2023-01-01 12:51:49, 00:19:49
754,8641,22232,Boston,40.08910123340077,-97.655553263087,40.10655665014284,-97.67631012534687,5.67,17.09,Completed,Card,2023-01-01 12:33:00,2023-01-01 12:50:00, 00:17:00
755,1125,53963,Seattle,38.48721457606718,-102.7300062896283,38.453202566128496,-102.72276449610888,8.69,15.45,Completed,Wallet,2023-01-01 12:34:00,2023-01-01 13:00:04, 00:26:04
756,5632,28406,San Francisco,37.5998626234583,-115.60837155006024,37.57188287782623,-115.613266055276,8.3,16.28,Completed,UPI,2023-01-01 12:35:00,2023-01-01 12:59:54, 00:24:54
757,7288,83937,New York,39.6815596052254,-119.07796053543376,39.66355847457519,-119.03352275479752,4.19,11.83,Completed,UPI,2023-01-01 12:36:00,2023-01-01 12:48:34, 00:12:34
758,4596,99211,Chicago,39.87792235232001,-101.7425427708858,39.83120928210572,-101.72326466881444,8.05,21.19,Completed,UPI,2023-01-01 12:37:00,2023-01-01 13:01:09, 00:24:09
759,7168,56104,San Francisco,38.093601868999855,-105.07029989814568,38.07858405182399,-105.06506636204428,10.87,20.58,Completed,Cash,2023-01-01 12:38:00,2023-01-01 13:10:36, 00:32:36
760,8561,19379,San Francisco,37.35538833922287,-98.67203518548465,37.309378913559314,-98.63120827595004,4.96,10.35,Completed,Cash,2023-01-01 12:39:00,2023-01-01 12:53:52, 00:14:52
761,9258,34414,Seattle,37.53260589407636,-106.82339562206188,37.49352890924497,-106.78615400851392,7.73,13.59,Completed,Cash,2023-01-01 12:40:00,2023-01-01 13:03:11, 00:23:11
762,1232,13053,Los Angeles,40.51137720599289,-89.25599293324916,40.55949534609513,-89.28276435269913,9.04,26.39,Cancelled,Card,2023-01-01 12:41:00,2023-01-01 13:08:07, 00:27:07
763,7371,55530,New York,38.51252300778039,-79.42160349061967,38.51049386439103,-79.43964139619845,6.5,13.94,Completed,Card,2023-01-01 12:42:00,2023-01-01 13:01:30, 00:19:30
764,5206,31238,San Francisco,40.19763988571526,-89.08957615486399,40.22228929377042,-89.073610694786,3.73,8.15,Completed,Wallet,2023-01-01 12:43:00,2023-01-01 12:54:11, 00:11:11
765,8943,29338,Chicago,38.59694881385364,-76.16777085943511,38.55363111940953,-76.21108739642597,5.46,15.28,Completed,Cash,2023-01-01 12:44:00,2023-01-01 13:00:22, 00:16:22
766,7891,74009,Boston,40.05970830738223,-91.80124545806284,40.03558539911867,-91.7687533560444,3.67,13.4,Completed,UPI,2023-01-01 12:45:00,2023-01-01 12:56:00, 00:11:00
767,7738,18455,Boston,40.36063776378907,-116.6047491630551,40.338301906652525,-116.6495692368824,9.02,17.83,Completed,Wallet,2023-
